ID,FINE_ART_Scholarship _19/FAL,CLASS_19/FAL,ALTCUM_GPA_19_FAL,FINE_ARTS_Scholarship _19/FAL,MAJOR_FIXED_19/FAL,RETURN_BIN_19/FAL,Role_19/FAL,SPORT_19/FAL,Sport_19/FAL,FINE_ART_Scholarship _20/SPR,CLASS_20/SPR,ALTCUM_GPA_20/SPR,FINE_ARTS_Scholarship _20/SPR,MAJOR_FIXED_20/SPR,RETURN_BIN_20/SPR,Role_20/SPR,SPORT_20/SPR,Sport_20/SPR,FINE_ART_Scholarship _20/FAL,CLASS_20/FAL,ALTCUM_GPA_20/FAL,FINE_ARTS_Scholarship _20/FAL,MAJOR_FIXED_20/FAL,RETURN_BIN_20/FAL,Role_20/FAL,SPORT_20/FAL,Sport_20/FAL,FINE_ART_Scholarship _21/SPR,CLASS_21/SPR,ALTCUM_GPA_21/SPR,FINE_ARTS_Scholarship _21/SPR,MAJOR_FIXED_21/SPR,RETURN_BIN_21/SPR,Role_21/SPR,SPORT_21/SPR,Sport_21/SPR,FINE_ART_Scholarship _21/FAL,CLASS_21/FAL,ALTCUM_GPA_21/FAL,FINE_ARTS_Scholarship _21/FAL,MAJOR_FIXED_21/FAL,RETURN_BIN_21/FAL,Role_21/FAL,SPORT_21/FAL,Sport_21/FAL,FINE_ART_Scholarship _22/SPR,CLASS_22/SPR,ALTCUM_GPA_22/SPR,FINE_ARTS_Scholarship _22/SPR,MAJOR_FIXED_22/SPR,RETURN_BIN_22/SPR,Role_22/SPR,SPORT_22/SPR,Sport_22/SPR,FINE_ART_Scholarship _22/FAL,CLASS_22/FAL,ALTCUM_GPA_22/FAL,FINE_ARTS_Scholarship _22/FAL,MAJOR_FIXED_22/FAL,RETURN_BIN_22/FAL,Role_22/FAL,SPORT_22/FAL,Sport_22/FAL,FINE_ART_Scholarship _23/SPR,CLASS_23/SPR,ALTCUM_GPA_23/SPR,FINE_ARTS_Scholarship _23/SPR,MAJOR_FIXED_23/SPR,RETURN_BIN_23/SPR,Role_23/SPR,SPORT_23/SPR,Sport_23/SPR,FINE_ART_Scholarship _23/FAL,CLASS_23/FAL,ALTCUM_GPA_23/FAL,FINE_ARTS_Scholarship _23/FAL,MAJOR_FIXED_23/FAL,RETURN_BIN_23/FAL,Role_23/FAL,SPORT_23/FAL,Sport_23/FAL,FINE_ART_Scholarship _24/SPR,CLASS_24/SPR,ALTCUM_GPA_24/SPR,FINE_ARTS_Scholarship _24/SPR,MAJOR_FIXED_24/SPR,RETURN_BIN_24/SPR,Role_24/SPR,SPORT_24/SPR,Sport_24/SPR,FINE_ART_Scholarship _24/FAL,CLASS_24/FAL,ALTCUM_GPA_24/FAL,FINE_ARTS_Scholarship _24/FAL,MAJOR_FIXED_24/FAL,RETURN_BIN_24/FAL,Role_24/FAL,SPORT_24/FAL,Sport_24/FAL,FINE_ART_Scholarship _25/SPR,CLASS_25/SPR,ALTCUM_GPA_25/SPR,FINE_ARTS_Scholarship _25/SPR,MAJOR_FIXED_25/SPR,RETURN_BIN_25/SPR,Role_25/SPR,SPORT_25/SPR,Sport_25/SPR,ETHNICITY,RACE,RACE2,RACE3,GENDER,BIRTH_DATE,START_TERM,FIRST_GEN,RETURN?,RETURN_BIN,CONDITIONAL_ADMITS,PELL,ADMIT_STATUS,STA_FED_COHORT_GROUP,STATE,GRADS,PRIMARY_MAJOR,Membrshp Start Dt,Membrshp End Dt,years_org,SPORT_COUNT,INSTATE,RETENTION_BIN,INSTATE_BIN,PERSISTANCE_SO_JR_BIN,PERSISTANCE_JR_SR_BIN,ETHNICITY_BIN,RACE_BIN,GENDER_BIN,CONDITIONAL_ADMITS_BIN,FOOTBALL_BIN,FINAL_GPA,ATHLETE_BIN
263861,,,,,,,,,,,,,,,,,,,,,,,,,,,,,,,,,,,,,,,,,,,,,,,,,,,,,,,,FR,0,NO,UND,0,,,,,FR,2.436,NO,UND,0,,,,,FR,2.872,NO,UND,0,,,,,SO,3.037,NO,UND,0,,,,,JR,2.958,NO,SOC,0,,,,,JR,2.845,NO,SOC,0,,,,NHS,WH,,,M,1/7/2004,22/FAL,NO,Returns,0,NO,NO,FR,22-23,NE,,SOC,,,,0,In State,0,0,0,,0,0,0,0,0,2.845,0
292072,,,,,,,,,,,,,,,,,,,,,,,,,,,,,,,,,,,,,,,,,,,,,,,,,,,,,,,,FR,0,NO,UND,0,,,,,FR,3.325,NO,UND,0,,,,,FR,2.538,NO,LAS,0,,,,,SO,2.858,NO,ENG,1,,,,,,,,,,,,,,,,,,,,,,NHS,AS,,,F,2/6/2004,22/FAL,NO,Left,1,NO,NO,FR,22-23,NE,,ENG,,,,0,In State,0,0,1,,0,1,1,0,0,2.858,0
456964,,,,,,,,,,,,,,,,,,,,,,,,,,,,,,,,,,,,,,,,,,,,,,,,,,,,,,,,FR,0,NO,UND,0,Member,AFBA,Football,,FR,2.54,NO,UND,0,Member,AFBA,Football,,FR,2.438,NO,UND,1,Member,AFBA,Football,,,,,,,,,,,,,,,,,,,,,,,,,,,,HIS,WH,,,M,4/1/2004,22/FAL,NO,Left,1,NO,NO,FR,22-23,CO,,UND,8/1/2022,12/1/2023,1.33,1,Out of State,1,1,,,1,0,0,0,1,2.438,1
457113,,,,,,,,,,,,,,,,,,,,,,,,,,,,,,,,,,,,,,,,,,,,,,,,,,,,,,,,FR,0,NO,UND,0,Member,ABSA,Baseball,,FR,0.425,NO,UND,0,Member,ABSA,Baseball,,FR,0.425,NO,UND,1,Member,ABSA,Baseball,,,,,,,,,,,,,,,,,,,,,,,,,,,,NHS,WH,,,M,3/2/2004,22/FAL,NO,Left,1,NO,NO,FR,22-23,NE,,UND,9/1/2022,12/15/2023,1.29,1,In State,1,0,,,0,0,0,0,0,0.425,1
458920,,,,,,,,,,,,,,,,,,,,,,,,,,,,,,,,,,,,,,,,,,,,,,,,,,,,,,,,FR,0,NO,UND,0,Varsity,AWRE,M Wrestling,,FR,2.931,NO,UND,0,Varsity,AWRE,M Wrestling,,FR,3.3,NO,BIO,0,Varsity,AWRE,M Wrestling,,SO,3.393,NO,BIO,0,Varsity,AWRE,M Wrestling,,JR,3.456,NO,BIO,0,Varsity,AWRE,M Wrestling,,JR,3.514,NO,BIO,0,Varsity,AWRE,M Wrestling,NHS,WH,,,M,1/11/2004,22/FAL,NO,Returns,0,NO,YES,FR,22-23,NE,,BIO,9/1/2022,,,1,In State,0,0,0,,0,0,0,0,0,3.514,1
459586,,,,,,,,,,,,,,,,,,,,,,,,,,,,,,,,,,,,,,,,,,,,,,,,,,,,,,,,FR,0,NO,UND,0,Varsity,AFBA,Football,,FR,3,NO,BUS,0,Varsity,AFBA,Football,,FR,2.933,NO,BUS,0,Varsity,AFBA,Football,,SO,2.777,NO,BUS,0,Varsity,AFBA,Football,,SO,2.783,NO,BUS,0,Varsity,AFBA,Football,,JR,2.873,NO,BUS,0,Varsity,AFBA,Football,NHS,WH,,,M,9/2/2003,22/FAL,NO,Returns,0,NO,NO,FR,22-23,NE,,BUS,8/1/2022,,,1,In State,0,0,0,,0,0,0,0,1,2.873,1
459589,,,,,,,,,,,,,,,,,,,,,,,,,,,,,,,,,,,,,,,,,,,,,,,,,,,,,,,,FR,0,NO,UND,0,,,,,FR,3.88,NO,SOC,0,,,,,FR,3.261,NO,SOC,0,,,,,SO,3.75,NO,SOC,0,,,,,JR,3.664,NO,SOC,0,,,,,JR,3.671,NO,SOC,0,,,,NR,,,,F,1/25/2004,22/FAL,NO,Returns,0,NO,YES,FR,22-23,NE,,SOC,,,,0,In State,0,0,0,,0,1,1,0,0,3.671,0
459610,,,,,,,,,,,,,,,,,,,,,,,,,,,,,,,,,,,,,,,,,,,,,,,,,,,,,,,,FR,0,NO,UND,0,Member,ABSA,Baseball,,FR,2.175,NO,EXSCI,0,Member,ABSA,Baseball,,FR,2.286,NO,AGR,0,Member,ABSA,Baseball,,SO,2.285,NO,AGR,0,Member,ABSA,Baseball,,SO,2.628,NO,AGR,0,Member,ABSA,Baseball,,JR,2.826,NO,AGR,0,Member,ABSA,Baseball,NHS,WH,,,M,6/1/2004,22/FAL,NO,Returns,0,NO,NO,FR,22-23,NE,,AGR,9/1/2022,5/1/2023,0.66,1,In State,0,0,0,,0,0,0,0,0,2.826,1
459830,,,,,,,,,,,,,,,,,,,,,,,,,,,,,,,,,,,,,,,,,,,,,,,,,,,,,,,,FR,0,YES,UND,0,,,,,FR,1.36,YES,MUS,0,,,,,FR,2.362,YES,THE,0,,,,,SO,2.776,YES,THE,0,,,,,SO,2.709,YES,THE,0,,,,,JR,2.404,YES,THE,0,,,,NHS,WH,,,F,5/1/2004,22/FAL,NO,Returns,0,NO,NO,FR,22-23,NE,,THE,,,,0,In State,0,0,0,,0,0,1,0,0,2.404,0
459847,,,,,,,,,,,,,,,,,,,,,,,,,,,,,,,,,,,,,,,,,,,,,,,,,,,,,,,,FR,0,YES,UND,0,,,,,FR,2.7,YES,UND,0,,,,,FR,2.635,YES,MUS,0,,,,,SO,2.979,YES,MUS,0,,,,,JR,2.983,YES,MUS,0,,,,,JR,2.812,YES,MUS,0,,,,HIS,AS,WH,,F,3/17/2004,22/FAL,NO,Returns,0,NO,YES,FR,22-23,NE,,MUS,,,,0,In State,0,0,0,,1,0,1,0,0,2.812,0
459958,,,,,,,,,,,,,,,,,,,,,,,,,,,,,,,,,,,,,,,,,,,,,,,,,,,,,,,,FR,0,NO,UND,0,Varsity,AWWR,W Wrestling,,FR,2.5,NO,SOC,0,Varsity,AWWR,W Wrestling,,FR,2.588,NO,SOC,0,Varsity,AWWR,W Wrestling,,SO,2.8,NO,SOC,0,Varsity,AWWR,W Wrestling,,JR,2.872,NO,SOC,0,Varsity,AWWR,W Wrestling,,JR,2.987,NO,SOC,0,Varsity,AWWR,W Wrestling,NHS,WH,,,F,2/23/2004,22/FAL,NO,Returns,0,NO,NO,FR,22-23,MO,,SOC,9/1/2022,,,1,Out of State,0,1,0,,0,0,1,0,0,2.987,1
460657,,,,,,,,,,,,,,,,,,,,,,,,,,,,,,,,,,,,,,,,,,,,,,,,,,,,,,,,FR,0,NO,UND,0,Varsity,AWRE,M Wrestling,,FR,2.575,NO,UND,0,Varsity,AWRE,M Wrestling,,FR,2.963,NO,EXSCI,0,Varsity,AWRE,M Wrestling,,SO,2.678,NO,BUS,0,Varsity,AWRE,M Wrestling,,SO,2.846,NO,BUS,0,Varsity,AWRE,M Wrestling,,JR,3.028,NO,BUS,0,Varsity,AWRE,M Wrestling,NHS,WH,,,M,5/20/2004,22/FAL,NO,Returns,0,NO,NO,FR,22-23,NE,,BUS,9/1/2022,,,1,In State,0,0,0,,0,0,0,0,0,3.028,1
460676,,,,,,,,,,,,,,,,,,,,,,,,,,,,,,,,,,,,,,,,,,,,,,,,,,,,,,,,FR,0,NO,UND,0,Member,AWRE,M Wrestling,,FR,3.26,NO,BUS,0,Member,AWRE,M Wrestling,,FR,3.322,NO,BUS,0,Member,AWRE,M Wrestling,,SO,3.421,NO,BUS,0,Member,AWRE,M Wrestling,,JR,3.455,NO,BUS,0,Member,AWRE,M Wrestling,,JR,3.451,NO,BUS,0,Member,AWRE,M Wrestling,HIS,WH,,,M,9/8/2003,22/FAL,NO,Returns,0,NO,NO,FR,22-23,WA,,BUS,9/1/2022,5/1/2024,1.67,1,Out of State,0,1,0,,1,0,0,0,0,3.451,1
460709,,,,,,,,,,,,,,,,,,,,,,,,,,,,,,,,,,,,,,,,,,,,,,,,,,,,,,,,FR,0,NO,UND,0,Varsity,ASBL,Softball,,FR,3.4,NO,UND,0,Varsity,ASBL,Softball,,FR,3.222,NO,UND,0,Varsity,ASBL,Softball,,SO,3.326,NO,BIO,0,Varsity,ASBL,Softball,,JR,3.305,NO,BIO,0,Varsity,ASBL,Softball,,JR,3.379,NO,BIO,0,Varsity,ASBL,Softball,HIS,WH,,,F,7/9/2004,22/FAL,NO,Returns,0,NO,NO,FR,22-23,NE,,BIO,9/1/2022,,,1,In State,0,0,0,,1,0,1,0,0,3.379,1
461377,,,,,,,,,,,,,,,,,,,,,,,,,,,,,,,,,,,,,,,,,,,,,,,,,,,,,,,,FR,0,NO,UND,0,Member,STDS,Dance Squad,,FR,3.608,NO,UND,0,Member,STDS,Dance Squad,,FR,3.444,NO,UND,0,Member,STDS,Dance Squad,,SO,3.177,NO,MTHDA,0,Member,STDS,Dance Squad,,SO,3.022,NO,MTHDA,0,Member,STDS,Dance Squad,,JR,3.155,NO,MTHDA,0,Member,STDS,Dance Squad,NHS,AS,,,F,11/12/2003,22/FAL,NO,Returns,0,NO,NO,FR,22-23,NE,,MTHDA,9/1/2022,,,1,In State,0,0,0,,0,1,1,0,0,3.155,1
461706,,,,,,,,,,,,,,,,,,,,,,,,,,,,,,,,,,,,,,,,,,,,,,,,,,,,,,,,FR,0,YES,UND,0,,,,,FR,3.118,YES,BIO,0,,,,,FR,2.265,YES,BIO,0,,,,,,,,,,,,,,,,,,,,,,,FR,2.025,NO,BIO,0,,,,NHS,WH,,,M,5/14/2004,22/FAL,NO,Returns,0,NO,NO,FR,22-23,NE,,BIO,,,,0,In State,,0,,,0,0,0,0,0,2.025,0
461961,,,,,,,,,,,,,,,,,,,,,,,,,,,,,,,,,,,,,,,,,,,,,,,,,,,,,,,,FR,0,NO,UND,0,Member,STSS,Spirit Squad,,FR,3.4,NO,HSI,0,Member,STSS,Spirit Squad,,FR,3.575,NO,PSY,0,Member,STSS,Spirit Squad,,SO,3.565,NO,PSY,1,Member,STSS,Spirit Squad,,,,,,,,,,,,,,,,,,,NHS,WH,,,F,12/19/2003,22/FAL,NO,Left,1,NO,YES,FR,22-23,NE,,PSY,9/1/2022,,,1,In State,0,0,1,,0,0,1,0,0,3.565,1
462131,,,,,,,,,,,,,,,,,,,,,,,,,,,,,,,,,,,,,,,,,,,,,,,,,,,,,,,,FR,0,NO,UND,0,Varsity,ASBL,Softball,,FR,3.34,NO,UND,0,Varsity,ASBL,Softball,,FR,3.285,NO,BUS,0,Varsity,ASBL,Softball,,SO,3.18,NO,BUS,0,Varsity,ASBL,Softball,,SO,3.021,NO,BUS,0,Varsity,ASBL,Softball,,JR,3.085,NO,BUS,0,Varsity,ASBL,Softball,NHS,WH,,,F,12/6/2003,22/FAL,NO,Returns,0,NO,NO,FR,22-23,NE,,BUS,9/1/2022,5/1/2024,1.67,1,In State,0,0,0,,0,0,1,0,0,3.085,1
462327,,,,,,,,,,,,,,,,,,,,,,,,,,,,,,,,,,,,,,,,,,,,,,,,,,,,,,,,FR,0,NO,UND,0,Varsity,ASBL,Softball,,FR,3.175,NO,PSY,0,Varsity,ASBL,Softball,,FR,3.3,NO,ART,0,Varsity,ASBL,Softball,,SO,3.362,NO,ART,0,Varsity,ASBL,Softball,,SO,3.418,NO,ART,0,Varsity,ASBL,Softball,,JR,3.486,NO,ART,0,Varsity,ASBL,Softball,HIS,WH,,,F,12/16/2003,22/FAL,NO,Returns,0,NO,YES,FR,22-23,NE,,ART,9/1/2022,,,1,In State,0,0,0,,1,0,1,0,0,3.486,1
462600,,,,,,,,,,,,,,,,,,,,,,,,,,,,,,,,,,,,,,,,,,,,,,,,,,,,,,,,FR,0,NO,UND,0,Varsity,AFBA,Football,,FR,2.727,NO,MEDCM,0,Varsity,AFBA,Football,,FR,2.57,NO,MEDCM,0,Varsity,AFBA,Football,,SO,2.537,NO,AGR,0,Varsity,AFBA,Football,,SO,2.753,NO,AGR,0,Varsity,AFBA,Football,,JR,2.652,NO,AGR,0,Varsity,AFBA,Football,NHS,WH,,,M,12/5/2003,22/FAL,NO,Returns,0,NO,YES,FR,22-23,NE,,AGR,8/1/2022,,,1,In State,0,0,0,,0,0,0,0,1,2.652,1
462985,,,,,,,,,,,,,,,,,,,,,,,,,,,,,,,,,,,,,,,,,,,,,,,,,,,,,,,,FR,0,YES,UND,0,Member,AMIT,M Indoor Track,,FR,1.825,YES,SSI,0,Member,AMIT,M Indoor Track,,FR,1.163,NO,SSI,0,Member,AMIT,M Indoor Track,,SO,1.438,NO,SSI,1,Member,AMIT,M Indoor Track,,,,,,,,,,,,,,,,,,,NR,,,,M,8/21/2003,22/FAL,NO,Left,1,NO,YES,FR,22-23,NE,,SSI,9/1/2022,6/1/2024,1.75,1,In State,0,0,1,,0,1,0,0,0,1.438,1
462990,,,,,,,,,,,,,,,,,,,,,,,,,,,,,,,,,,,,,,,,,,,,,,,,,,,,,,,,FR,0,NO,UND,0,Varsity,AWRE,M Wrestling,,FR,3.2,NO,EGR,0,Varsity,AWRE,M Wrestling,,FR,2.922,NO,EGR,0,Varsity,AWRE,M Wrestling,,SO,2.657,NO,EGR,0,Varsity,AWRE,M Wrestling,,SO,2.524,NO,BUS,0,Varsity,AWRE,M Wrestling,,JR,2.45,NO,BUS,0,Varsity,AWRE,M Wrestling,NHS,WH,,,M,11/28/2003,22/FAL,NO,Returns,0,NO,YES,FR,22-23,ID,,BUS,9/1/2022,,,1,Out of State,0,1,0,,0,0,0,0,0,2.45,1
464334,,,,,,,,,,,,,,,,,,,,,,,,,,,,,,,,,,,,,,,,,,,,,,,,,,,,,,,,FR,0,NO,AGR,0,Varsity,AFBA,Football,,FR,3.25,NO,AGR,0,Varsity,AFBA,Football,,FR,3.481,NO,AGR,0,Varsity,AFBA,Football,,SO,3.589,NO,AGR,0,Varsity,AFBA,Football,,SO,3.577,NO,AGR,0,Varsity,AFBA,Football,,JR,3.43,NO,AGR,0,Varsity,AFBA,Football,NHS,WH,,,M,3/27/2004,22/FAL,NO,Returns,0,NO,NO,FR,22-23,NE,,AGR,8/1/2022,5/1/2024,1.75,1,In State,0,0,0,,0,0,0,0,1,3.43,1
464368,,,,,,,,,,,,,,,,,,,,,,,,,,,,,,,,,,,,,,,,,,,,,,,,,,,,,,,,FR,0,NO,UND,0,Member,AMXC,M Cross Country,,FR,2.154,NO,HSI,0,Member,AMXC,M Cross Country,,FR,2.354,NO,LAS,0,Member,AMXC,M Cross Country,,SO,2.28,NO,LAS,0,Member,AMXC,M Cross Country,,JR,2.65,NO,LAS,0,Member,AMXC,M Cross Country,,JR,2.849,NO,LAS,0,Member,AMXC,M Cross Country,NHS,WH,,,M,10/3/2004,22/FAL,NO,Returns,0,NO,YES,FR,22-23,NE,,LAS,8/1/2022,,,1,In State,0,0,0,,0,0,0,0,0,2.849,1
465570,,,,,,,,,,,,,,,,,,,,,,,,,,,,,,,,,,,,,,,,,,,,,,,,,,,,,,,,FR,0,NO,UND,0,Varsity,AWBB,W Basketball,,FR,2.9,NO,PSY,0,Varsity,AWBB,W Basketball,,FR,3.162,NO,PSY,0,Varsity,AWBB,W Basketball,,SO,2.882,NO,PSY,0,Varsity,AWBB,W Basketball,,JR,2.795,NO,PSY,0,Varsity,AWBB,W Basketball,,JR,2.787,NO,PSY,0,Varsity,AWBB,W Basketball,NHS,WH,,,F,8/31/2003,22/FAL,NO,Returns,0,NO,NO,FR,22-23,NE,,PSY,9/1/2022,12/4/2024,2.26,1,In State,0,0,0,,0,0,1,0,0,2.787,1
465577,,,,,,,,,,,,,,,,,,,,,,,,,,,,,,,,,,,,,,,,,,,,,,,,,,,,,,,,FR,0,NO,UND,0,,,,,FR,3.675,NO,UND,0,,,,,FR,3.122,NO,UND,0,,,,,SO,3.174,NO,UND,1,,,,,,,,,,,,,,,,,,,,,,NHS,WH,,,F,4/27/2003,22/FAL,NO,Left,1,NO,NO,FR,22-23,ID,,UND,,,,0,Out of State,0,1,1,,0,0,1,0,0,3.174,0
468771,,,,,,,,,,,,,,,,,,,,,,,,,,,,,,,,,,,,,,,,,,,,,,,,,,,,,,,,FR,0,NO,UND,0,Varsity,AGOF,WGolf,,FR,0.25,NO,UND,0,Varsity,AGOF,WGolf,,FR,1.671,NO,PSY,0,Varsity,AGOF,WGolf,,FR,1.973,NO,BUS,1,Varsity,AGOF,WGolf,,,,,,,,,,,,,,,,,,,HIS,WH,,,F,7/29/2003,22/FAL,NO,Left,1,NO,YES,FR,22-23,CA,,BUS,8/1/2022,5/1/2023,0.75,1,Out of State,1,1,,,1,0,1,0,0,1.973,1
468963,,,,,,,,,,,,,,,,,,,,,,,,,,,,,,,,,,,,,,,,,,,,,,,,,,,,,,,,FR,0,NO,UND,0,Member,AWWR,W Wrestling,,FR,1.385,NO,UND,0,Member,AWWR,W Wrestling,,FR,1.361,NO,UND,0,Member,AWWR,W Wrestling,,SO,1.727,NO,UND,0,Member,AWWR,W Wrestling,,JR,1.739,NO,CMP,0,Member,AWWR,W Wrestling,,JR,2.054,NO,CMP,0,Member,AWWR,W Wrestling,HIS,,,,F,5/30/2004,22/FAL,NO,Returns,0,NO,NO,FR,22-23,TX,,CMP,9/1/2022,5/1/2024,1.67,1,Out of State,0,1,0,,1,1,1,0,0,2.054,1
470348,,,,,,,,,,,,,,,,,,,,,,,,,,,,,,,,,,,,,,,,,,,,,,,,,,,,,,,,FR,0,NO,UND,0,Varsity,AMIT,M Indoor Track,,FR,1.538,NO,BIO,0,Varsity,AMIT,M Indoor Track,,FR,1.448,NO,BIO,0,Varsity,AMIT,M Indoor Track,,SO,2.173,NO,BIO,0,Varsity,AMIT,M Indoor Track,,SO,2.052,NO,BIO,0,Varsity,AMIT,M Indoor Track,,JR,2.297,NO,BIO,0,Varsity,AMIT,M Indoor Track,NHS,WH,,,M,3/10/2004,22/FAL,NO,Returns,0,NO,NO,FR,22-23,NE,,BIO,9/1/2022,,,1,In State,0,0,0,,0,0,0,0,0,2.297,1
440649,,,,,,,,,,,,,,,,,,,,,,,,,,,,,,,,,,,,,,,,,,,,,,,,,,,,,,,,,,,,,,,,,FR,0,NO,,0,Member,ACHE,Cheerleading,,FR,3.5,YES,UND,0,Member,ACHE,Cheerleading,,FR,2.939,YES,BUS,0,Member,ACHE,Cheerleading,,SO,2.589,YES,BUS,0,Member,ACHE,Cheerleading,,SO,2.876,YES,BUS,0,Member,ACHE,Cheerleading,NHS,WH,,,F,7/19/2005,23/FAL,NO,Returns,0,NO,NO,FR,23-24,NE,,BUS,8/1/2023,5/1/2024,0.75,1,In State,0,0,,,0,0,1,0,0,2.876,1
458046,,,,,,,,,,,,,,,,,,,,,,,,,,,,,,,,,,,,,,,,,,,,,,,,,,,,,,,,,,,,,,,,,FR,0,NO,UND,0,Varsity,ATEF,W Tennis,,FR,0,NO,UND,0,Varsity,ATEF,W Tennis,,FR,1.75,NO,UND,1,Varsity,ATEF,W Tennis,,,,,,,,,,,,,,,,,,,NHS,WH,,,F,8/23/2004,23/SPR,NO,Left,1,NO,NO,FR,,NE,,UND,1/1/2023,4/10/2024,1.27,1,In State,1,0,,,0,0,1,0,0,1.75,1
459455,,,,,,,,,,,,,,,,,,,,,,,,,,,,,,,,,,,,,,,,,,,,,,,,,,,,,,,,,,,,,,,,,FR,0,NO,UND,0,Member,STDS,Dance Squad,,FR,3.192,NO,BIO,0,Member,STDS,Dance Squad,,SO,3.408,NO,BIO,0,Member,STDS,Dance Squad,,SO,3.177,NO,BIO,0,Member,STDS,Dance Squad,,JR,3.247,NO,BIO,0,Member,STDS,Dance Squad,NHS,WH,,,F,10/29/2003,23/SPR,NO,Returns,0,NO,NO,FR,,NE,,BIO,1/1/2023,,,1,In State,0,0,0,,0,0,1,0,0,3.247,1
476180,,,,,,,,,,,,,,,,,,,,,,,,,,,,,,,,,,,,,,,,,,,,,,,,,,,,,,,,,,,,,,,,,FR,0,NO,UND,0,Member,ABSA,Baseball,,FR,3.007,NO,UND,0,Member,ABSA,Baseball,,SO,2.508,NO,UND,0,Member,ABSA,Baseball,,SO,2.482,NO,UND,0,Member,ABSA,Baseball,,JR,2.579,NO,BUS,0,Member,ABSA,Baseball,NR,,,,M,7/4/2003,23/SPR,NO,Returns,0,NO,YES,FR,,NE,,BUS,1/1/2023,12/1/2024,1.92,1,In State,0,0,0,,0,1,0,0,0,2.579,1
267066,,,,,,,,,,,,,,,,,,,,,,,,,,,,,,,,,,,,,,,,,,,,,,,,,,,,,,,,,,,,,,,,,,,,,,,,,,FR,0,NO,UND,0,Varsity,ABSA,Baseball,,SO,3.8,NO,BUS,0,Varsity,ABSA,Baseball,,SO,3.87,NO,BUS,0,Varsity,ABSA,Baseball,,JR,3.847,NO,BUS,0,Varsity,ABSA,Baseball,NHS,WH,,,M,3/2/2005,23/FAL,NO,Returns,0,NO,NO,FR,23-24,NE,,BUS,9/1/2023,,,1,In State,0,0,0,,0,0,0,0,0,3.847,1
274979,,,,,,,,,,,,,,,,,,,,,,,,,,,,,,,,,,,,,,,,,,,,,,,,,,,,,,,,,,,,,,,,,,,,,,,,,,FR,0,NO,UND,0,Varsity,AFBA,Football,,FR,3.381,NO,EGR,0,Varsity,AFBA,Football,,SO,3.282,NO,BUS,0,Varsity,AFBA,Football,,JR,3.365,NO,BUS,0,Varsity,AFBA,Football,NHS,WH,,,M,4/14/2005,23/FAL,NO,Returns,0,NO,NO,FR,23-24,NE,,BUS,8/1/2023,,,1,In State,0,0,0,,0,0,0,0,1,3.365,1
282857,,,,,,,,,,,,,,,,,,,,,,,,,,,,,,,,,,,,,,,,,,,,,,,,,,,,,,,,,,,,,,,,,,,,,,,,,,FR,0,NO,UND,0,Varsity,AWWR,W Wrestling,,FR,3.247,NO,PEHTH,0,Varsity,AWWR,W Wrestling,,SO,3.367,NO,PEHTH,0,Varsity,AWWR,W Wrestling,,SO,3.366,NO,PEHTH,0,Varsity,AWWR,W Wrestling,NHS,WH,,,F,4/26/2005,23/FAL,NO,Returns,0,NO,YES,FR,23-24,NE,,PEHTH,10/1/2023,5/1/2024,0.58,1,In State,0,0,,,0,0,1,0,0,3.366,1
291097,,,,,,,,,,,,,,,,,,,,,,,,,,,,,,,,,,,,,,,,,,,,,,,,,,,,,,,,,,,,,,,,,,,,,,,,,,FR,0,NO,UND,0,Varsity,AFBA,Football,,SO,2.46,NO,BUS,0,Varsity,AFBA,Football,,SO,2.707,NO,BUS,0,Varsity,AFBA,Football,,JR,3.088,NO,BUS,0,Varsity,AFBA,Football,NHS,WH,,,M,12/11/2004,23/FAL,NO,Returns,0,NO,NO,FR,23-24,NE,,BUS,8/1/2023,5/1/2024,0.75,1,In State,0,0,0,,0,0,0,0,1,3.088,1
291098,,,,,,,,,,,,,,,,,,,,,,,,,,,,,,,,,,,,,,,,,,,,,,,,,,,,,,,,,,,,,,,,,,,,,,,,,,FR,0,NO,UND,0,Member,AFBA,Football,,FR,3.714,NO,EGR,0,Member,AFBA,Football,,SO,3.765,NO,EGR,0,Member,AFBA,Football,,SO,3.575,NO,EGR,0,Member,AFBA,Football,NHS,WH,,,M,10/14/2004,23/FAL,NO,Returns,0,NO,NO,FR,23-24,NE,,EGR,8/1/2023,,,1,In State,0,0,,,0,0,0,0,1,3.575,1
300441,,,,,,,,,,,,,,,,,,,,,,,,,,,,,,,,,,,,,,,,,,,,,,,,,,,,,,,,,,,,,,,,,,,,,,,,,,FR,0,NO,UND,0,Member,ABSA,Baseball,,FR,3.244,NO,BIO,0,Member,ABSA,Baseball,,FR,3.33,NO,BIO,1,Member,ABSA,Baseball,,,,,,,,,,NHS,WH,,,M,1/22/2006,23/FAL,NO,Left,1,NO,YES,FR,23-24,CO,,BIO,9/1/2023,12/1/2024,1.25,1,Out of State,1,1,,,0,0,0,0,0,3.33,1
305485,,,,,,,,,,,,,,,,,,,,,,,,,,,,,,,,,,,,,,,,,,,,,,,,,,,,,,,,,,,,,,,,,,,,,,,,,,FR,0,YES,UND,0,,,,,JR,3.883,YES,SOC,0,,,,,SR,3.936,YES,SOC,0,,,,,SR,3.959,YES,SOC,0,,,,NHS,WH,,,M,2/8/2005,23/FAL,NO,Returns,0,NO,NO,FR,23-24,NE,,SOC,,,,0,In State,0,0,0,0,0,0,0,0,0,3.959,0
355641,,,,,,,,,,,,,,,,,,,,,,,,,,,,,,,,,,,,,,,,,,,,,,,,,,,,,,,,,,,,,,,,,,,,,,,,,,FR,0,YES,UND,0,Member,AESP,E-Sports,,FR,3.66,YES,CMP,0,Member,AESP,E-Sports,,SO,3.355,YES,CMP,0,Member,AESP,E-Sports,,SO,3.22,YES,CMP,0,Member,AESP,E-Sports,NR,,,,M,3/10/2005,23/FAL,NO,Returns,0,NO,NO,FR,23-24,NE,,CMP,9/1/2024,,,1,In State,0,0,,,0,1,0,0,0,3.22,1
384267,,,,,,,,,,,,,,,,,,,,,,,,,,,,,,,,,,,,,,,,,,,,,,,,,,,,,,,,,,,,,,,,,,,,,,,,,,FR,0,NO,UND,0,,,,,SO,4,NO,SPED,0,,,,,JR,4,NO,SPED,0,,,,,JR,4,NO,SPED,0,,,,NHS,WH,,,F,7/28/2004,23/FAL,NO,Returns,0,NO,NO,FR,23-24,NE,,SPED,,,,0,In State,0,0,0,,0,0,1,0,0,4,0
391151,,,,,,,,,,,,,,,,,,,,,,,,,,,,,,,,,,,,,,,,,,,,,,,,,,,,,,,,,,,,,,,,,,,,,,,,,,FR,0,YES,UND,0,,,,,SO,3.217,YES,MUS,0,,,,,SO,3.416,YES,MUS,0,,,,,JR,3.594,YES,MUS,0,,,,NHS,WH,,,M,6/16/2005,23/FAL,NO,Returns,0,NO,NO,FR,23-24,NE,,MUS,,,,0,In State,0,0,0,,0,0,0,0,0,3.594,0
391342,,,,,,,,,,,,,,,,,,,,,,,,,,,,,,,,,,,,,,,,,,,,,,,,,,,,,,,,,,,,,,,,,,,,,,,,,,FR,0,NO,UND,0,Member,AWTR,W Outdoor Track,,FR,1.9,NO,SOC,0,Member,AWTR,W Outdoor Track,,FR,1.4,NO,SOC,0,Member,AWTR,W Outdoor Track,,SO,1.974,NO,SOC,0,Member,AWTR,W Outdoor Track,NHS,WH,,,F,11/17/2004,23/FAL,NO,Returns,0,NO,YES,FR,23-24,NE,,SOC,10/1/2023,12/1/2023,0.17,1,In State,0,0,,,0,0,1,0,0,1.974,1
407856,,,,,,,,,,,,,,,,,,,,,,,,,,,,,,,,,,,,,,,,,,,,,,,,,,,,,,,,,,,,,,,,,,,,,,,,,,FR,0,NO,UND,0,,,,,FR,1.181,NO,NRES,0,,,,,SO,2.562,NO,NRES,0,,,,,SO,1.724,NO,NRES,0,,,,NHS,WH,,,F,11/26/2000,23/FAL,NO,Returns,0,NO,YES,TR,,NE,,NRES,,,,0,In State,0,0,,,0,0,1,0,0,1.724,0
449097,,,,,,,,,,,,,,,,,,,,,,,,,,,,,,,,,,,,,,,,,,,,,,,,,,,,,,,,,,,,,,,,,,,,,,,,,,FR,0,NO,UND,0,Member,AFBA,Football,,FR,1.008,NO,BUS,0,Member,AFBA,Football,,SO,2.106,NO,LAS,0,Member,AFBA,Football,,SO,2.405,NO,LAS,0,Member,AFBA,Football,NHS,BL,WH,,M,3/12/2003,23/FAL,NO,Returns,0,NO,NO,TR,,NE,,LAS,8/1/2023,,,1,In State,0,0,,,0,0,0,0,1,2.405,1
461061,,,,,,,,,,,,,,,,,,,,,,,,,,,,,,,,,,,,,,,,,,,,,,,,,,,,,,,,,,,,,,,,,,,,,,,,,,FR,0,NO,UND,0,Member,AGOF,WGolf,,SO,3.6,NO,EGR,0,Member,AGOF,WGolf,,SO,3.394,NO,EGR,0,Member,AGOF,WGolf,,JR,3.184,NO,EGR,0,Member,AGOF,WGolf,NHS,WH,,,F,9/15/2004,23/FAL,NO,Returns,0,NO,YES,FR,23-24,KY,,EGR,8/1/2023,,,1,Out of State,0,1,0,,0,0,1,0,0,3.184,1
461327,,,,,,,,,,,,,,,,,,,,,,,,,,,,,,,,,,,,,,,,,,,,,,,,,,,,,,,,,,,,,,,,,,,,,,,,,,FR,0,NO,UND,0,Varsity,AWXC,W Cross Country,,SO,2.8,NO,NEWMD,0,Varsity,AWXC,W Cross Country,,SO,3,NO,NEWMD,0,Varsity,AWXC,W Cross Country,,JR,3.163,NO,NEWMD,0,Varsity,AWXC,W Cross Country,NHS,WH,,,F,8/31/2004,23/FAL,NO,Returns,0,NO,NO,TR,,NE,,NEWMD,8/1/2023,,,1,In State,0,0,0,,0,0,1,0,0,3.163,1
466571,,,,,,,,,,,,,,,,,,,,,,,,,,,,,,,,,,,,,,,,,,,,,,,,,,,,,,,,,,,,,,,,,,,,,,,,,,FR,0,NO,UND,0,Varsity,ASBL,Softball,,FR,4,NO,EXSCI,0,Varsity,ASBL,Softball,,SO,4,NO,EXSCI,0,Varsity,ASBL,Softball,,JR,3.981,NO,EXSCI,0,Varsity,ASBL,Softball,NHS,WH,,,F,1/18/2005,23/FAL,NO,Returns,0,NO,NO,FR,23-24,CO,,EXSCI,9/1/2023,,,1,Out of State,0,1,0,,0,0,1,0,0,3.981,1
472850,,,,,,,,,,,,,,,,,,,,,,,,,,,,,,,,,,,,,,,,,,,,,,,,,,,,,,,,,,,,,,,,,,,,,,,,,,FR,0,NO,UND,0,Member,AFBA,Football,,FR,3.6,NO,AGR,0,Member,AFBA,Football,,SO,3.709,NO,AGR,0,Member,AFBA,Football,,SO,3.784,NO,AGR,0,Member,AFBA,Football,NHS,WH,,,M,10/4/2004,23/FAL,NO,Returns,0,NO,NO,FR,23-24,NE,,AGR,8/1/2023,,,1,In State,0,0,,,0,0,0,0,1,3.784,1
472857,,,,,,,,,,,,,,,,,,,,,,,,,,,,,,,,,,,,,,,,,,,,,,,,,,,,,,,,,,,,,,,,,,,,,,,,,,FR,0,YES,UND,0,Member,AVOL,Volleyball,,SO,3.838,YES,BUS,0,Member,AVOL,Volleyball,,SO,3.79,YES,BUS,0,Member,AVOL,Volleyball,,JR,3.847,YES,BUS,0,Member,AVOL,Volleyball,NHS,WH,,,F,5/2/2005,23/FAL,NO,Returns,0,NO,NO,FR,23-24,NE,,BUS,8/1/2023,,,1,In State,0,0,0,,0,0,1,0,0,3.847,1
472868,,,,,,,,,,,,,,,,,,,,,,,,,,,,,,,,,,,,,,,,,,,,,,,,,,,,,,,,,,,,,,,,,,,,,,,,,,FR,0,NO,UND,0,Varsity,AWBB,W Basketball,,SO,4,NO,EXSCI,0,Varsity,AWBB,W Basketball,,SO,3.897,NO,EXSCI,0,Varsity,AWBB,W Basketball,,JR,3.844,NO,EXSCI,0,Varsity,AWBB,W Basketball,NHS,WH,,,F,8/21/2004,23/FAL,NO,Returns,0,NO,NO,FR,23-24,NE,,EXSCI,10/1/2023,,,1,In State,0,0,0,,0,0,1,0,0,3.844,1
472890,,,,,,,,,,,,,,,,,,,,,,,,,,,,,,,,,,,,,,,,,,,,,,,,,,,,,,,,,,,,,,,,,,,,,,,,,,FR,0,NO,UND,0,Varsity,AVOL,Volleyball,,SO,3.681,NO,ELED,0,Varsity,AVOL,Volleyball,,JR,3.691,NO,ELED,0,Varsity,AVOL,Volleyball,,JR,3.794,NO,ELED,0,Varsity,AVOL,Volleyball,NHS,WH,,,F,4/7/2005,23/FAL,NO,Returns,0,NO,NO,FR,23-24,NE,,ELED,8/1/2023,,,1,In State,0,0,0,,0,0,1,0,0,3.794,1
472929,,,,,,,,,,,,,,,,,,,,,,,,,,,,,,,,,,,,,,,,,,,,,,,,,,,,,,,,,,,,,,,,,,,,,,,,,,FR,0,NO,UND,1,Member,AMIT,M Indoor Track,,,,,,,,,,,,,,,,,,,,,,,,,,,,NHS,WH,,,M,2/23/2005,23/FAL,NO,Left,1,NO,NO,FR,23-24,NE,,UND,11/1/2023,12/1/2023,0.08,1,In State,1,0,,,0,0,0,0,0,0,1
472938,,,,,,,,,,,,,,,,,,,,,,,,,,,,,,,,,,,,,,,,,,,,,,,,,,,,,,,,,,,,,,,,,,,,,,,,,,FR,0,NO,UND,0,Varsity,ABSA,Baseball,,FR,2.375,NO,UND,0,Varsity,ABSA,Baseball,,FR,2.611,NO,EXSCI,0,Varsity,ABSA,Baseball,,SO,2.72,NO,EXSCI,0,Varsity,ABSA,Baseball,NR,,,,M,5/2/2005,23/FAL,NO,Returns,0,NO,NO,FR,23-24,NE,,EXSCI,9/1/2023,,,1,In State,0,0,,,0,1,0,0,0,2.72,1
472946,,,,,,,,,,,,,,,,,,,,,,,,,,,,,,,,,,,,,,,,,,,,,,,,,,,,,,,,,,,,,,,,,,,,,,,,,,FR,0,NO,UND,0,Member,AWXC,W Cross Country,,SO,3.66,NO,EXSCI,1,Member,AWXC,W Cross Country,,,,,,,,,,,,,,,,,,,NHS,WH,,,F,2/15/2005,23/FAL,NO,Left,1,NO,NO,FR,23-24,NE,,EXSCI,8/1/2023,5/1/2024,0.75,1,In State,0,0,1,,0,0,1,0,0,3.66,1
472949,,,,,,,,,,,,,,,,,,,,,,,,,,,,,,,,,,,,,,,,,,,,,,,,,,,,,,,,,,,,,,,,,,,,,,,,,,FR,0,NO,UND,0,Member,AVOL,Volleyball,,SO,3.54,NO,BUS,0,Member,AVOL,Volleyball,,SO,3.516,NO,BUS,0,Member,AVOL,Volleyball,,JR,3.59,NO,BUS,0,Member,AVOL,Volleyball,NHS,WH,,,F,10/10/2004,23/FAL,NO,Returns,0,NO,NO,FR,23-24,NE,,BUS,8/1/2023,,,1,In State,0,0,0,,0,0,1,0,0,3.59,1
472954,,,,,,,,,,,,,,,,,,,,,,,,,,,,,,,,,,,,,,,,,,,,,,,,,,,,,,,,,,,,,,,,,,,,,,,,,,FR,0,NO,UND,1,,,,,,,,,,,,,,,,,,,,,,,,,,,,,,,HIS,,,,M,2/17/2005,23/FAL,YES,Left,1,NO,NO,FR,23-24,NE,,UND,,,,0,In State,1,0,,,1,1,0,0,0,0,0
472958,,,,,,,,,,,,,,,,,,,,,,,,,,,,,,,,,,,,,,,,,,,,,,,,,,,,,,,,,,,,,,,,,,,,,,,,,,FR,0,YES,UND,0,,,,,FR,3.581,YES,MUS,0,,,,,SO,3.226,YES,MUS,0,,,,,JR,3.382,YES,MUS,0,,,,NHS,WH,,,F,12/28/2004,23/FAL,NO,Returns,0,NO,NO,FR,23-24,NE,,MUS,,,,0,In State,0,0,0,,0,0,1,0,0,3.382,0
472969,,,,,,,,,,,,,,,,,,,,,,,,,,,,,,,,,,,,,,,,,,,,,,,,,,,,,,,,,,,,,,,,,,,,,,,,,,FR,0,NO,UND,0,,,,,SO,4,NO,ELED,0,,,,,JR,4,NO,ELED,0,,,,,JR,4,NO,ELED,0,,,,NHS,WH,,,F,3/14/2005,23/FAL,NO,Returns,0,NO,NO,FR,23-24,NE,,ELED,,,,0,In State,0,0,0,,0,0,1,0,0,4,0
472973,,,,,,,,,,,,,,,,,,,,,,,,,,,,,,,,,,,,,,,,,,,,,,,,,,,,,,,,,,,,,,,,,,,,,,,,,,FR,0,NO,UND,0,Member,AGOL,MGolf,,FR,4,NO,EGR,0,Member,AGOL,MGolf,,SO,3.957,NO,EGR,0,Member,AGOL,MGolf,,SO,3.776,NO,EGR,0,Member,AGOL,MGolf,NHS,WH,,,M,10/26/2004,23/FAL,NO,Returns,0,NO,NO,FR,23-24,CO,,EGR,8/1/2023,,,1,Out of State,0,1,,,0,0,0,0,0,3.776,1
472975,,,,,,,,,,,,,,,,,,,,,,,,,,,,,,,,,,,,,,,,,,,,,,,,,,,,,,,,,,,,,,,,,,,,,,,,,,FR,0,YES,MUS,0,,,,,FR,3.813,YES,MUS,0,,,,,SO,3.731,YES,MUS,0,,,,,SO,3.743,YES,MUS,0,,,,NHS,WH,,,F,7/12/2005,23/FAL,NO,Returns,0,NO,NO,FR,23-24,NE,,MUS,,,,0,In State,0,0,,,0,0,1,0,0,3.743,0
472976,,,,,,,,,,,,,,,,,,,,,,,,,,,,,,,,,,,,,,,,,,,,,,,,,,,,,,,,,,,,,,,,,,,,,,,,,,FR,0,YES,UND,0,,,,,SO,4,YES,MUS,0,,,,,SO,4,YES,MUS,0,,,,,JR,4,YES,MUS,0,,,,NHS,WH,,,F,8/17/2004,23/FAL,NO,Returns,0,NO,NO,FR,23-24,NE,,MUS,,,,0,In State,0,0,0,,0,0,1,0,0,4,0
472977,,,,,,,,,,,,,,,,,,,,,,,,,,,,,,,,,,,,,,,,,,,,,,,,,,,,,,,,,,,,,,,,,,,,,,,,,,FR,0,NO,UND,0,Member,ABSA,Baseball,,SO,3.619,NO,ELED,0,Member,ABSA,Baseball,,JR,3.521,NO,SSI,0,Member,ABSA,Baseball,,JR,3.453,NO,SCI,0,Member,ABSA,Baseball,NHS,WH,,,M,3/4/2005,23/FAL,NO,Returns,0,NO,NO,FR,23-24,NE,,SCI,9/1/2023,1/1/2024,0.33,1,In State,0,0,0,,0,0,0,0,0,3.453,1
472981,,,,,,,,,,,,,,,,,,,,,,,,,,,,,,,,,,,,,,,,,,,,,,,,,,,,,,,,,,,,,,,,,,,,,,,,,,FR,0,NO,UND,0,Varsity,AVOL,Volleyball,,FR,4,NO,UND,0,Varsity,AVOL,Volleyball,,SO,3.7,NO,BIO,0,Varsity,AVOL,Volleyball,,SO,3.725,NO,BIO,0,Varsity,AVOL,Volleyball,NHS,WH,,,F,7/7/2005,23/FAL,NO,Returns,0,NO,YES,FR,23-24,VA,,BIO,8/1/2023,,,1,Out of State,0,1,,,0,0,1,0,0,3.725,1
472983,,,,,,,,,,,,,,,,,,,,,,,,,,,,,,,,,,,,,,,,,,,,,,,,,,,,,,,,,,,,,,,,,,,,,,,,,,FR,0,NO,UND,0,Member,AMIT,M Indoor Track,,SO,3.46,NO,HIS,0,Member,AMIT,M Indoor Track,,SO,3.636,YES,HIS,0,Member,AMIT,M Indoor Track,,JR,3.544,YES,HIS,0,Member,AMIT,M Indoor Track,NHS,WH,,,M,7/25/2005,23/FAL,NO,Returns,0,NO,NO,FR,23-24,NE,,HIS,11/1/2023,6/1/2024,0.58,1,In State,0,0,0,,0,0,0,0,0,3.544,1
472985,,,,,,,,,,,,,,,,,,,,,,,,,,,,,,,,,,,,,,,,,,,,,,,,,,,,,,,,,,,,,,,,,,,,,,,,,,FR,0,NO,UND,0,Varsity,ABSA,Baseball,,FR,3.74,NO,BUS,0,Varsity,ABSA,Baseball,,SO,3.67,NO,BUS,0,Varsity,ABSA,Baseball,,SO,3.447,NO,EXSCI,0,Varsity,ABSA,Baseball,NHS,WH,,,M,6/20/2004,23/FAL,NO,Returns,0,NO,NO,FR,23-24,NE,,EXSCI,9/1/2023,,,1,In State,0,0,,,0,0,0,0,0,3.447,1
472988,,,,,,,,,,,,,,,,,,,,,,,,,,,,,,,,,,,,,,,,,,,,,,,,,,,,,,,,,,,,,,,,,,,,,,,,,,FR,0,NO,UND,0,Varsity,AWBB,W Basketball,,FR,3.28,NO,ELED,0,Varsity,AWBB,W Basketball,,SO,3.4,NO,ELED,0,Varsity,AWBB,W Basketball,,SO,3.544,NO,ELED,0,Varsity,AWBB,W Basketball,NR,,,,F,10/14/2004,23/FAL,NO,Returns,0,NO,NO,FR,23-24,NE,,ELED,10/1/2023,,,1,In State,0,0,,,0,1,1,0,0,3.544,1
472989,,,,,,,,,,,,,,,,,,,,,,,,,,,,,,,,,,,,,,,,,,,,,,,,,,,,,,,,,,,,,,,,,,,,,,,,,,FR,0,NO,UND,1,Member,AFBA,Football,,,,,,,,,,,,,,,,,,,,,,,,,,,,NHS,WH,,,M,12/1/2004,23/FAL,NO,Left,1,NO,NO,FR,23-24,NE,,UND,8/1/2023,12/1/2023,0.33,1,In State,1,0,,,0,0,0,0,1,0,1
472991,,,,,,,,,,,,,,,,,,,,,,,,,,,,,,,,,,,,,,,,,,,,,,,,,,,,,,,,,,,,,,,,,,,,,,,,,,FR,0,NO,UND,0,Member,AMIT,M Indoor Track,,FR,3.6,NO,CMP,0,Member,AMIT,M Indoor Track,,SO,3.2,NO,CMP,0,Member,AMIT,M Indoor Track,,SO,3.353,NO,CMP,0,Member,AMIT,M Indoor Track,NHS,WH,,,M,9/6/2004,23/FAL,NO,Returns,0,NO,NO,FR,23-24,NE,,CMP,11/1/2023,,,1,In State,0,0,,,0,0,0,0,0,3.353,1
473022,,,,,,,,,,,,,,,,,,,,,,,,,,,,,,,,,,,,,,,,,,,,,,,,,,,,,,,,,,,,,,,,,,,,,,,,,,FR,0,NO,UND,1,Member,AGOF,WGolf,,,,,,,,,,,,,,,,,,,,,,,,,,,,NR,,,,F,3/3/2005,23/FAL,YES,Left,1,NO,YES,FR,23-24,NE,,UND,8/1/2023,12/1/2023,0.33,1,In State,1,0,,,0,1,1,0,0,0,1
473062,,,,,,,,,,,,,,,,,,,,,,,,,,,,,,,,,,,,,,,,,,,,,,,,,,,,,,,,,,,,,,,,,,,,,,,,,,FR,0,NO,UND,0,Member,AFBA,Football,,SO,2.74,NO,ELED,0,Member,AFBA,Football,,SO,2.941,NO,ELED,0,Member,AFBA,Football,,JR,3.234,NO,ELED,0,Member,AFBA,Football,NHS,WH,,,M,2/8/2005,23/FAL,NO,Returns,0,NO,YES,FR,23-24,CO,,ELED,8/1/2023,,,1,Out of State,0,1,0,,0,0,0,0,1,3.234,1
473066,,,,,,,,,,,,,,,,,,,,,,,,,,,,,,,,,,,,,,,,,,,,,,,,,,,,,,,,,,,,,,,,,,,,,,,,,,FR,0,NO,UND,0,Varsity,AMXC,M Cross Country,,FR,3.54,NO,PSY,0,Varsity,AMXC,M Cross Country,,SO,3.2,NO,PSY,0,Varsity,AMXC,M Cross Country,,SO,2.907,NO,PSY,0,Varsity,AMXC,M Cross Country,NHS,WH,,,M,12/8/2004,23/FAL,NO,Returns,0,NO,NO,FR,23-24,NE,,PSY,8/1/2023,,,1,In State,0,0,,,0,0,0,0,0,2.907,1
473094,,,,,,,,,,,,,,,,,,,,,,,,,,,,,,,,,,,,,,,,,,,,,,,,,,,,,,,,,,,,,,,,,,,,,,,,,,FR,0,NO,UND,0,Varsity,ASOC,M Soccer,,SO,3.581,NO,EGR,0,Varsity,ASOC,M Soccer,,JR,3.685,NO,EGR,0,Varsity,ASOC,M Soccer,,JR,3.602,NO,EGR,0,Varsity,ASOC,M Soccer,NR,,,,M,3/31/2005,23/FAL,NO,Returns,0,NO,NO,FR,23-24,NE,,EGR,8/1/2023,,,1,In State,0,0,0,,0,1,0,0,0,3.602,1
473115,,,,,,,,,,,,,,,,,,,,,,,,,,,,,,,,,,,,,,,,,,,,,,,,,,,,,,,,,,,,,,,,,,,,,,,,,,FR,0,NO,UND,0,Member,AWBB,W Basketball,,FR,4,NO,EXSCI,0,Member,AWBB,W Basketball,,SO,3.969,NO,EXSCI,0,Member,AWBB,W Basketball,,JR,3.98,NO,EXSCI,0,Member,AWBB,W Basketball,NR,,,,F,2/20/2005,23/FAL,NO,Returns,0,NO,NO,FR,23-24,NE,,EXSCI,10/1/2023,5/1/2024,0.58,1,In State,0,0,0,,0,1,1,0,0,3.98,1
473150,,,,,,,,,,,,,,,,,,,,,,,,,,,,,,,,,,,,,,,,,,,,,,,,,,,,,,,,,,,,,,,,,,,,,,,,,,FR,0,YES,UND,0,,,,,SO,4,YES,MUS,0,,,,,JR,3.942,YES,MUS,0,,,,,JR,3.961,YES,MUS,0,,,,NHS,WH,,,F,11/22/2004,23/FAL,NO,Returns,0,NO,NO,FR,23-24,NE,,MUS,,,,0,In State,0,0,0,,0,0,1,0,0,3.961,0
473154,,,,,,,,,,,,,,,,,,,,,,,,,,,,,,,,,,,,,,,,,,,,,,,,,,,,,,,,,,,,,,,,,,,,,,,,,,FR,0,NO,UND,0,Member,AMIT,M Indoor Track,,SO,3.6,NO,MTHDA,0,Member,AMIT,M Indoor Track,,SO,3.614,NO,MTHDA,0,Member,AMIT,M Indoor Track,,JR,3.539,NO,MTHDA,0,Member,AMIT,M Indoor Track,NHS,WH,,,M,4/3/2005,23/FAL,NO,Returns,0,NO,NO,FR,23-24,NE,,MTHDA,11/1/2023,,,1,In State,0,0,0,,0,0,0,0,0,3.539,1
473197,,,,,,,,,,,,,,,,,,,,,,,,,,,,,,,,,,,,,,,,,,,,,,,,,,,,,,,,,,,,,,,,,,,,,,,,,,FR,0,YES,THE,0,,,,,FR,3.66,YES,THE,0,,,,,SO,3.529,YES,THE,0,,,,,SO,3.487,YES,THE,0,,,,NR,,,,F,8/9/2003,23/FAL,NO,Returns,0,NO,YES,FR,23-24,NE,,THE,,,,0,In State,0,0,,,0,1,1,0,0,3.487,0
473198,,,,,,,,,,,,,,,,,,,,,,,,,,,,,,,,,,,,,,,,,,,,,,,,,,,,,,,,,,,,,,,,,,,,,,,,,,FR,0,NO,UND,0,Varsity,AMIT,M Indoor Track,,FR,3.74,NO,BUS,0,Varsity,AMIT,M Indoor Track,,FR,3.604,NO,BUS,0,Varsity,AMIT,M Indoor Track,,SO,3.433,NO,BUS,0,Varsity,AMIT,M Indoor Track,NHS,WH,,,M,5/3/2004,23/FAL,NO,Returns,0,NO,NO,FR,23-24,NE,,BUS,11/1/2023,,,1,In State,0,0,,,0,0,0,0,0,3.433,1
473199,,,,,,,,,,,,,,,,,,,,,,,,,,,,,,,,,,,,,,,,,,,,,,,,,,,,,,,,,,,,,,,,,,,,,,,,,,FR,0,NO,UND,0,Varsity,AWTR,W Outdoor Track,,SO,2.694,NO,UND,0,Varsity,AWTR,W Outdoor Track,,SO,2.536,NO,UND,0,Varsity,AWTR,W Outdoor Track,,SO,2.728,NO,UND,0,Varsity,AWTR,W Outdoor Track,NHS,WH,,,F,12/26/2004,23/FAL,NO,Returns,0,NO,NO,FR,23-24,NE,,UND,10/1/2023,,,1,In State,0,0,,,0,0,1,0,0,2.728,1
473234,,,,,,,,,,,,,,,,,,,,,,,,,,,,,,,,,,,,,,,,,,,,,,,,,,,,,,,,,,,,,,,,,,,,,,,,,,FR,0,NO,UND,0,Member,AMBB,M Basketball,,FR,3.18,NO,ACCMG,0,Member,AMBB,M Basketball,,SO,2.99,NO,ACCPB,0,Member,AMBB,M Basketball,,SO,3.087,NO,ACCPB,0,Member,AMBB,M Basketball,NHS,WH,,,M,8/29/2004,23/FAL,NO,Returns,0,NO,YES,FR,23-24,CO,,ACCPB,10/1/2023,,,1,Out of State,0,1,,,0,0,0,0,0,3.087,1
473242,,,,,,,,,,,,,,,,,,,,,,,,,,,,,,,,,,,,,,,,,,,,,,,,,,,,,,,,,,,,,,,,,,,,,,,,,,FR,0,NO,UND,0,Varsity,AWTR,W Outdoor Track,,FR,3.88,NO,ENGLA,0,Varsity,AWTR,W Outdoor Track,,SO,3.786,NO,ENGLA,0,Varsity,AWTR,W Outdoor Track,,SO,3.804,NO,ENGW,0,Varsity,AWTR,W Outdoor Track,NHS,WH,,,F,8/16/2004,23/FAL,NO,Returns,0,NO,NO,FR,23-24,NE,,ENGW,10/1/2023,,,1,In State,0,0,,,0,0,1,0,0,3.804,1
473247,,,,,,,,,,,,,,,,,,,,,,,,,,,,,,,,,,,,,,,,,,,,,,,,,,,,,,,,,,,,,,,,,,,,,,,,,,FR,0,NO,UND,0,Member,ABSA,Baseball,,SO,3.521,NO,EXSCI,1,Member,ABSA,Baseball,,,,,,,,,,,,,,,,,,,NHS,WH,,,M,10/6/2004,23/FAL,NO,Left,1,NO,NO,FR,23-24,KS,,EXSCI,9/1/2023,1/1/2024,0.33,1,Out of State,0,1,1,,0,0,0,0,0,3.521,1
473269,,,,,,,,,,,,,,,,,,,,,,,,,,,,,,,,,,,,,,,,,,,,,,,,,,,,,,,,,,,,,,,,,,,,,,,,,,FR,0,NO,UND,0,Member,AMIT,M Indoor Track,,FR,2.74,NO,UND,0,Member,AMIT,M Indoor Track,,FR,2.069,NO,UND,0,Member,AMIT,M Indoor Track,,SO,2.414,NO,BUS,0,Member,AMIT,M Indoor Track,NHS,WH,,,M,2/18/2005,23/FAL,NO,Returns,0,NO,YES,FR,23-24,NE,,BUS,11/1/2023,,,1,In State,0,0,,,0,0,0,0,0,2.414,1
473273,,,,,,,,,,,,,,,,,,,,,,,,,,,,,,,,,,,,,,,,,,,,,,,,,,,,,,,,,,,,,,,,,,,,,,,,,,FR,0,NO,UND,0,Member,AGOL,MGolf,,FR,2.34,NO,UND,0,Member,AGOL,MGolf,,SO,2.444,NO,BUS,0,Member,AGOL,MGolf,,SO,2.867,NO,BUS,0,Member,AGOL,MGolf,NHS,WH,,,M,10/14/2004,23/FAL,NO,Returns,0,NO,YES,FR,23-24,NE,,BUS,8/1/2023,,,1,In State,0,0,,,0,0,0,0,0,2.867,1
473297,,,,,,,,,,,,,,,,,,,,,,,,,,,,,,,,,,,,,,,,,,,,,,,,,,,,,,,,,,,,,,,,,,,,,,,,,,FR,0,YES,UND,0,,,,,FR,2.34,YES,CMP,0,,,,,FR,2.379,NO,ENGLA,0,,,,,SO,2.718,NO,ENGLA,0,,,,HIS,,,,F,11/10/2004,23/FAL,NO,Returns,0,NO,YES,FR,23-24,NE,,ENGLA,,,,0,In State,0,0,,,1,1,1,0,0,2.718,0
473298,,,,,,,,,,,,,,,,,,,,,,,,,,,,,,,,,,,,,,,,,,,,,,,,,,,,,,,,,,,,,,,,,,,,,,,,,,FR,0,NO,UND,0,Member,AMBB,M Basketball,,FR,3.869,NO,EXSCI,0,Member,AMBB,M Basketball,,SO,3.774,NO,EXSCI,0,Member,AMBB,M Basketball,,JR,3.809,NO,EXSCI,0,Member,AMBB,M Basketball,NHS,WH,,,M,12/22/2004,23/FAL,NO,Returns,0,NO,NO,FR,23-24,NE,,EXSCI,10/1/2023,,,1,In State,0,0,0,,0,0,0,0,0,3.809,1
473303,,,,,,,,,,,,,,,,,,,,,,,,,,,,,,,,,,,,,,,,,,,,,,,,,,,,,,,,,,,,,,,,,,,,,,,,,,FR,0,NO,UND,0,Varsity,ABSA,Baseball,,SO,3.713,NO,EGR,0,Varsity,ABSA,Baseball,,SO,3.725,NO,EGR,0,Varsity,ABSA,Baseball,,JR,3.617,NO,EGR,0,Varsity,ABSA,Baseball,NHS,WH,,,M,6/1/2005,23/FAL,NO,Returns,0,NO,NO,FR,23-24,NE,,EGR,9/1/2023,,,1,In State,0,0,0,,0,0,0,0,0,3.617,1
473315,,,,,,,,,,,,,,,,,,,,,,,,,,,,,,,,,,,,,,,,,,,,,,,,,,,,,,,,,,,,,,,,,,,,,,,,,,FR,0,NO,UND,0,Varsity,AMBB,M Basketball,,FR,3.213,NO,EXSCI,0,Varsity,AMBB,M Basketball,,SO,3.429,NO,EXSCI,0,Varsity,AMBB,M Basketball,,JR,3.587,NO,EXSCI,0,Varsity,AMBB,M Basketball,NR,,,,M,12/16/2004,23/FAL,NO,Returns,0,NO,NO,FR,23-24,KS,,EXSCI,10/1/2023,,,1,Out of State,0,1,0,,0,1,0,0,0,3.587,1
473342,,,,,,,,,,,,,,,,,,,,,,,,,,,,,,,,,,,,,,,,,,,,,,,,,,,,,,,,,,,,,,,,,,,,,,,,,,FR,0,NO,UND,0,Varsity,AMIT,M Indoor Track,,FR,3.55,NO,PEHTH,0,Varsity,AMIT,M Indoor Track,,SO,3.539,NO,PEHTH,0,Varsity,AMIT,M Indoor Track,,SO,3.468,NO,EGR,0,Varsity,AMIT,M Indoor Track,HIS,WH,,,M,7/8/2004,23/FAL,NO,Returns,0,NO,YES,FR,23-24,NE,,EGR,11/1/2023,,,1,In State,0,0,,,1,0,0,0,0,3.468,1
473344,,,,,,,,,,,,,,,,,,,,,,,,,,,,,,,,,,,,,,,,,,,,,,,,,,,,,,,,,,,,,,,,,,,,,,,,,,FR,0,NO,UND,0,,,,,FR,0.625,NO,SOC,0,,,,,FR,2.065,NO,SOC,0,,,,,SO,2.442,NO,SOC,0,,,,NHS,WH,,,F,12/13/2004,23/FAL,NO,Returns,0,NO,NO,FR,23-24,OK,,SOC,,,,0,Out of State,0,1,,,0,0,1,0,0,2.442,0
473409,,,,,,,,,,,,,,,,,,,,,,,,,,,,,,,,,,,,,,,,,,,,,,,,,,,,,,,,,,,,,,,,,,,,,,,,,,FR,0,NO,UND,0,,,,,FR,3.28,NO,ACCMG,0,,,,,SO,3.24,NO,ACCMG,0,,,,,SO,3.386,NO,ACCMG,0,,,,HIS,,,,M,6/16/2005,23/FAL,NO,Returns,0,NO,NO,FR,23-24,NE,,ACCMG,,,,0,In State,0,0,,,1,1,0,0,0,3.386,0
473556,,,,,,,,,,,,,,,,,,,,,,,,,,,,,,,,,,,,,,,,,,,,,,,,,,,,,,,,,,,,,,,,,,,,,,,,,,FR,0,NO,UND,0,Member,AMBB,M Basketball,,FR,3.06,NO,BUS,0,Member,AMBB,M Basketball,,SO,2.73,NO,BUS,0,Member,AMBB,M Basketball,,SO,2.98,NO,BUS,0,Member,AMBB,M Basketball,NR,,,,M,2/10/2005,23/FAL,NO,Returns,0,NO,NO,FR,23-24,NE,,BUS,10/1/2023,,,1,In State,0,0,,,0,1,0,0,0,2.98,1
473558,,,,,,,,,,,,,,,,,,,,,,,,,,,,,,,,,,,,,,,,,,,,,,,,,,,,,,,,,,,,,,,,,,,,,,,,,,FR,0,NO,UND,1,Member,AWBB,W Basketball,,,,,,,,,,,,,,,,,,,,,,,,,,,,NR,,,,F,3/4/2005,23/FAL,YES,Left,1,NO,NO,FR,23-24,CO,,UND,10/1/2023,12/15/2023,0.21,1,Out of State,1,1,,,0,1,1,0,0,0,1
473583,,,,,,,,,,,,,,,,,,,,,,,,,,,,,,,,,,,,,,,,,,,,,,,,,,,,,,,,,,,,,,,,,,,,,,,,,,FR,0,NO,UND,0,Varsity,AMBB,M Basketball,,FR,3.66,NO,PSY,1,Varsity,AMBB,M Basketball,,,,,,,,,,,,,,,,,,,NHS,WH,,,M,8/11/2004,23/FAL,NO,Left,1,NO,NO,FR,23-24,NE,,PSY,10/1/2023,5/1/2024,0.58,1,In State,1,0,,,0,0,0,0,0,3.66,1
473624,,,,,,,,,,,,,,,,,,,,,,,,,,,,,,,,,,,,,,,,,,,,,,,,,,,,,,,,,,,,,,,,,,,,,,,,,,FR,0,NO,UND,0,Varsity,AMIT,M Indoor Track,,SO,3.925,NO,EXSCI,0,Varsity,AMIT,M Indoor Track,,SO,3.957,NO,EXSCI,0,Varsity,AMIT,M Indoor Track,,JR,3.973,NO,PEHTH,0,Varsity,AMIT,M Indoor Track,NHS,WH,,,M,2/25/2005,23/FAL,NO,Returns,0,NO,NO,FR,23-24,NE,,PEHTH,11/1/2023,,,1,In State,0,0,0,,0,0,0,0,0,3.973,1
473635,,,,,,,,,,,,,,,,,,,,,,,,,,,,,,,,,,,,,,,,,,,,,,,,,,,,,,,,,,,,,,,,,,,,,,,,,,FR,0,NO,UND,0,Member,AMBB,M Basketball,,FR,3.079,NO,EGR,1,Member,AMBB,M Basketball,,,,,,,,,,,,,,,,,,,NHS,WH,,,M,12/14/2004,23/FAL,NO,Left,1,NO,NO,FR,23-24,CO,,EGR,10/1/2023,5/1/2024,0.58,1,Out of State,1,1,,,0,0,0,0,0,3.079,1
473642,,,,,,,,,,,,,,,,,,,,,,,,,,,,,,,,,,,,,,,,,,,,,,,,,,,,,,,,,,,,,,,,,,,,,,,,,,FR,0,NO,HSI,0,Member,AVOL,Volleyball,,SO,3.431,NO,EXSCI,0,Member,AVOL,Volleyball,,JR,3.581,NO,EXSCI,0,Member,AVOL,Volleyball,,JR,3.589,NO,PSY,0,Member,AVOL,Volleyball,NHS,WH,,,F,3/5/2005,23/FAL,NO,Returns,0,NO,NO,FR,23-24,NE,,PSY,8/1/2023,3/1/2024,0.58,1,In State,0,0,0,,0,0,1,0,0,3.589,1
473647,,,,,,,,,,,,,,,,,,,,,,,,,,,,,,,,,,,,,,,,,,,,,,,,,,,,,,,,,,,,,,,,,,,,,,,,,,FR,0,NO,UND,0,Varsity,AMIT,M Indoor Track,,FR,2.66,NO,EXSCI,0,Varsity,AMIT,M Indoor Track,,SO,2.541,NO,EXSCI,0,Varsity,AMIT,M Indoor Track,,SO,2.772,NO,EXSCI,0,Varsity,AMIT,M Indoor Track,NHS,WH,,,M,3/16/2005,23/FAL,NO,Returns,0,NO,NO,FR,23-24,NE,,EXSCI,11/1/2023,,,1,In State,0,0,,,0,0,0,0,0,2.772,1
473665,,,,,,,,,,,,,,,,,,,,,,,,,,,,,,,,,,,,,,,,,,,,,,,,,,,,,,,,,,,,,,,,,,,,,,,,,,FR,0,NO,UND,0,Member,AMXC,M Cross Country,,FR,3.254,NO,BUS,1,Member,AMXC,M Cross Country,,,,,,,,,,,,,,,,,,,NHS,WH,,,M,10/22/2004,23/FAL,NO,Left,1,NO,YES,FR,23-24,NE,,BUS,8/1/2023,5/1/2024,0.75,1,In State,1,0,,,0,0,0,0,0,3.254,1
473668,,,,,,,,,,,,,,,,,,,,,,,,,,,,,,,,,,,,,,,,,,,,,,,,,,,,,,,,,,,,,,,,,,,,,,,,,,FR,0,NO,UND,0,Member,AESP,E-Sports,,FR,3.86,NO,CMP,0,Member,AESP,E-Sports,,SO,3.93,NO,CMP,0,Member,AESP,E-Sports,,SO,3.889,NO,CMP,0,Member,AESP,E-Sports,HIS,,,,M,6/24/2005,23/FAL,NO,Returns,0,NO,YES,FR,23-24,NE,,CMP,1/1/2024,,,1,In State,0,0,,,1,1,0,0,0,3.889,1
473766,,,,,,,,,,,,,,,,,,,,,,,,,,,,,,,,,,,,,,,,,,,,,,,,,,,,,,,,,,,,,,,,,,,,,,,,,,FR,0,NO,UND,0,Varsity,AWTR,W Outdoor Track,,SO,3.469,NO,EXSCI,0,Varsity,AWTR,W Outdoor Track,,SO,3.28,NO,EXSCI,0,Varsity,AWTR,W Outdoor Track,,SO,3.327,NO,PSY,0,Varsity,AWTR,W Outdoor Track,NR,,,,F,9/9/2004,23/FAL,NO,Returns,0,NO,NO,FR,23-24,NE,,PSY,10/1/2023,,,1,In State,0,0,,,0,1,1,0,0,3.327,1
473804,,,,,,,,,,,,,,,,,,,,,,,,,,,,,,,,,,,,,,,,,,,,,,,,,,,,,,,,,,,,,,,,,,,,,,,,,,FR,0,NO,UND,0,Varsity,AMIT,M Indoor Track,,FR,2.72,NO,UND,0,Varsity,AMIT,M Indoor Track,,SO,2.956,NO,BUS,0,Varsity,AMIT,M Indoor Track,,SO,3.177,NO,BUS,0,Varsity,AMIT,M Indoor Track,NHS,WH,,,M,5/14/2005,23/FAL,NO,Returns,0,NO,YES,FR,23-24,NE,,BUS,11/1/2023,,,1,In State,0,0,,,0,0,0,0,0,3.177,1
473949,,,,,,,,,,,,,,,,,,,,,,,,,,,,,,,,,,,,,,,,,,,,,,,,,,,,,,,,,,,,,,,,,,,,,,,,,,FR,0,YES,UND,0,Varsity,AWTR,W Outdoor Track,,FR,3.231,YES,BIO,0,Varsity,AWTR,W Outdoor Track,,FR,2.796,YES,BIO,0,Varsity,AWTR,W Outdoor Track,,SO,3.198,YES,BIO,0,Varsity,AWTR,W Outdoor Track,NR,,,,F,1/11/2005,23/FAL,NO,Returns,0,NO,YES,FR,23-24,SD,,BIO,10/1/2023,,,1,Out of State,0,1,,,0,1,1,0,0,3.198,1
473950,,,,,,,,,,,,,,,,,,,,,,,,,,,,,,,,,,,,,,,,,,,,,,,,,,,,,,,,,,,,,,,,,,,,,,,,,,FR,0,NO,UND,0,Member,AMXC,M Cross Country,,SO,4,NO,UND,0,Member,AMXC,M Cross Country,,SO,4,NO,UND,0,Member,AMXC,M Cross Country,,JR,4,NO,BIO,0,Member,AMXC,M Cross Country,NHS,WH,,,M,3/23/2005,23/FAL,NO,Returns,0,NO,NO,FR,23-24,NE,,BIO,8/1/2023,,,1,In State,0,0,0,,0,0,0,0,0,4,1
473980,,,,,,,,,,,,,,,,,,,,,,,,,,,,,,,,,,,,,,,,,,,,,,,,,,,,,,,,,,,,,,,,,,,,,,,,,,FR,0,YES,UND,0,Member,ACHE,Cheerleading,,FR,1.787,YES,THE,0,Member,ACHE,Cheerleading,,FR,1.421,YES,THE,0,Member,ACHE,Cheerleading,,SO,1.902,YES,THE,0,Member,ACHE,Cheerleading,NHS,WH,,,M,6/9/2005,23/FAL,NO,Returns,0,NO,YES,FR,23-24,NE,,THE,8/1/2023,,,1,In State,0,0,,,0,0,0,0,0,1.902,1
474047,,,,,,,,,,,,,,,,,,,,,,,,,,,,,,,,,,,,,,,,,,,,,,,,,,,,,,,,,,,,,,,,,,,,,,,,,,FR,0,NO,UND,0,Member,AESP,E-Sports,,FR,3.66,NO,CMP,0,Member,AESP,E-Sports,,SO,3.69,NO,CMP,0,Member,AESP,E-Sports,,SO,3.778,NO,CMP,0,Member,AESP,E-Sports,HIS,,,,M,6/24/2005,23/FAL,NO,Returns,0,NO,YES,FR,23-24,NE,,CMP,1/1/2024,,,1,In State,0,0,,,1,1,0,0,0,3.778,1
474053,,,,,,,,,,,,,,,,,,,,,,,,,,,,,,,,,,,,,,,,,,,,,,,,,,,,,,,,,,,,,,,,,,,,,,,,,,FR,0,YES,UND,1,,,,,,,,,,,,,,,,,,,,,,,,,,,,,,,NHS,WH,,,F,2/4/2005,23/FAL,NO,Left,1,NO,NO,FR,23-24,NE,,UND,,,,0,In State,1,0,,,0,0,1,0,0,0,0
474078,,,,,,,,,,,,,,,,,,,,,,,,,,,,,,,,,,,,,,,,,,,,,,,,,,,,,,,,,,,,,,,,,,,,,,,,,,FR,0,NO,UND,0,Varsity,AWTR,W Outdoor Track,,SO,4,NO,STRCM,0,Varsity,AWTR,W Outdoor Track,,SO,4,NO,STRCM,0,Varsity,AWTR,W Outdoor Track,,JR,3.98,NO,STRCM,0,Varsity,AWTR,W Outdoor Track,NHS,WH,,,F,8/13/2004,23/FAL,NO,Returns,0,NO,YES,FR,23-24,NE,,STRCM,10/1/2023,,,1,In State,0,0,0,,0,0,1,0,0,3.98,1
474132,,,,,,,,,,,,,,,,,,,,,,,,,,,,,,,,,,,,,,,,,,,,,,,,,,,,,,,,,,,,,,,,,,,,,,,,,,FR,0,NO,UND,0,Varsity,ASOC,M Soccer,,FR,3.835,NO,EGR,0,Varsity,ASOC,M Soccer,,SO,3.918,NO,EGR,0,Varsity,ASOC,M Soccer,,SO,3.849,NO,EGR,0,Varsity,ASOC,M Soccer,HIS,,,,M,12/11/2004,23/FAL,NO,Returns,0,NO,YES,FR,23-24,AR,,EGR,8/1/2023,,,1,Out of State,0,1,,,1,1,0,0,0,3.849,1
474166,,,,,,,,,,,,,,,,,,,,,,,,,,,,,,,,,,,,,,,,,,,,,,,,,,,,,,,,,,,,,,,,,,,,,,,,,,FR,0,YES,UND,0,,,,,FR,2.86,YES,UND,1,,,,,,,,,,,,,,,,,,,,,,NHS,WH,,,F,10/23/2004,23/FAL,YES,Left,1,YES,NO,FR,23-24,NE,,UND,,,,0,In State,1,0,,,0,0,1,1,0,2.86,0
474168,,,,,,,,,,,,,,,,,,,,,,,,,,,,,,,,,,,,,,,,,,,,,,,,,,,,,,,,,,,,,,,,,,,,,,,,,,FR,0,NO,UND,0,Varsity,ADAN,Dance,,FR,2.875,NO,ELED,0,Varsity,ADAN,Dance,,SO,3.206,NO,ELED,0,Varsity,ADAN,Dance,,SO,3.267,NO,ELED,0,Varsity,ADAN,Dance,NR,,,,F,8/12/2005,23/FAL,NO,Returns,0,NO,NO,FR,23-24,NE,,ELED,8/1/2023,,,1,In State,0,0,,,0,1,1,0,0,3.267,1
474180,,,,,,,,,,,,,,,,,,,,,,,,,,,,,,,,,,,,,,,,,,,,,,,,,,,,,,,,,,,,,,,,,,,,,,,,,,FR,0,NO,UND,0,Member,AMIT,M Indoor Track,,SO,4,NO,BIO,0,Member,AMIT,M Indoor Track,,SO,4,NO,BIO,0,Member,AMIT,M Indoor Track,,JR,4,NO,BIO,0,Member,AMIT,M Indoor Track,NHS,WH,,,M,7/1/2005,23/FAL,NO,Returns,0,NO,YES,FR,23-24,NE,,BIO,11/1/2024,,,1,In State,0,0,0,,0,0,0,0,0,4,1
474190,,,,,,,,,,,,,,,,,,,,,,,,,,,,,,,,,,,,,,,,,,,,,,,,,,,,,,,,,,,,,,,,,,,,,,,,,,FR,0,NO,UND,0,Varsity,AWXC,W Cross Country,,FR,3.786,NO,EXSCI,0,Varsity,AWXC,W Cross Country,,SO,3.67,NO,EXSCI,0,Varsity,AWXC,W Cross Country,,SO,3.667,NO,EXSCI,0,Varsity,AWXC,W Cross Country,NHS,WH,,,F,8/28/2005,23/FAL,NO,Returns,0,NO,NO,FR,23-24,NE,,EXSCI,8/1/2023,,,1,In State,0,0,,,0,0,1,0,0,3.667,1
474254,,,,,,,,,,,,,,,,,,,,,,,,,,,,,,,,,,,,,,,,,,,,,,,,,,,,,,,,,,,,,,,,,,,,,,,,,,FR,0,NO,UND,0,Varsity,ABSA,Baseball,,FR,1.325,NO,EXSCI,0,Varsity,ABSA,Baseball,,FR,2.674,NO,EXSCI,0,Varsity,ABSA,Baseball,,SO,2.506,NO,BUS,0,Varsity,ABSA,Baseball,NHS,AS,WH,,M,5/13/2005,23/FAL,NO,Returns,0,NO,NO,FR,23-24,NE,,BUS,9/1/2023,,,1,In State,0,0,,,0,0,0,0,0,2.506,1
474260,,,,,,,,,,,,,,,,,,,,,,,,,,,,,,,,,,,,,,,,,,,,,,,,,,,,,,,,,,,,,,,,,,,,,,,,,,FR,0,NO,UND,0,Member,AMXC,M Cross Country,,SO,4,NO,EGR,0,Member,AMXC,M Cross Country,,SO,4,NO,EGR,0,Member,AMXC,M Cross Country,,JR,4,NO,EGR,0,Member,AMXC,M Cross Country,NHS,WH,,,M,5/22/2004,23/FAL,NO,Returns,0,NO,NO,FR,23-24,NE,,EGR,8/1/2023,,,1,In State,0,0,0,,0,0,0,0,0,4,1
474343,,,,,,,,,,,,,,,,,,,,,,,,,,,,,,,,,,,,,,,,,,,,,,,,,,,,,,,,,,,,,,,,,,,,,,,,,,FR,0,NO,UND,0,Varsity,ASBL,Softball,,FR,3.654,NO,UND,0,Varsity,ASBL,Softball,,SO,3.796,NO,BIO,0,Varsity,ASBL,Softball,,SO,3.573,NO,BIO,0,Varsity,ASBL,Softball,NHS,WH,,,F,6/18/2005,23/FAL,NO,Returns,0,NO,NO,FR,23-24,NE,,BIO,9/1/2023,,,1,In State,0,0,,,0,0,1,0,0,3.573,1
474352,,,,,,,,,,,,,,,,,,,,,,,,,,,,,,,,,,,,,,,,,,,,,,,,,,,,,,,,,,,,,,,,,,,,,,,,,,FR,0,NO,UND,0,Varsity,ASOC,M Soccer,,FR,2.4,NO,UND,0,Varsity,ASOC,M Soccer,,FR,2.95,NO,BUS,0,Varsity,ASOC,M Soccer,,SO,3.2,NO,BUS,0,Varsity,ASOC,M Soccer,HIS,WH,,,M,2/16/2005,23/FAL,NO,Returns,0,NO,YES,FR,23-24,NE,,BUS,8/1/2023,,,1,In State,0,0,,,1,0,0,0,0,3.2,1
474353,,,,,,,,,,,,,,,,,,,,,,,,,,,,,,,,,,,,,,,,,,,,,,,,,,,,,,,,,,,,,,,,,,,,,,,,,,FR,0,NO,UND,0,Member,AGOL,MGolf,,FR,2.95,NO,UND,0,Member,AGOL,MGolf,,SO,2.641,NO,ACCPB,0,Member,AGOL,MGolf,,SO,3.105,NO,ACCPB,0,Member,AGOL,MGolf,NHS,WH,,,M,11/2/2004,23/FAL,NO,Returns,0,NO,NO,FR,23-24,NE,,ACCPB,8/1/2023,1/1/2024,0.42,1,In State,0,0,,,0,0,0,0,0,3.105,1
474480,,,,,,,,,,,,,,,,,,,,,,,,,,,,,,,,,,,,,,,,,,,,,,,,,,,,,,,,,,,,,,,,,,,,,,,,,,FR,0,NO,UND,0,Member,AMBB,M Basketball,,FR,2.72,NO,UND,0,Member,AMBB,M Basketball,,FR,2.762,NO,UND,0,Member,AMBB,M Basketball,,SO,2.792,NO,NRES,0,Member,AMBB,M Basketball,NHS,WH,,,M,7/15/2005,23/FAL,NO,Returns,0,NO,NO,FR,23-24,CO,,NRES,10/1/2023,,,1,Out of State,0,1,,,0,0,0,0,0,2.792,1
474491,,,,,,,,,,,,,,,,,,,,,,,,,,,,,,,,,,,,,,,,,,,,,,,,,,,,,,,,,,,,,,,,,,,,,,,,,,FR,0,NO,UND,0,Member,AMBB,M Basketball,,FR,2.877,NO,EXSCI,1,Member,AMBB,M Basketball,,,,,,,,,,,,,,,,,,,NR,,,,M,1/11/2005,23/FAL,NO,Left,1,NO,NO,FR,23-24,NE,,EXSCI,10/1/2023,5/1/2024,0.58,1,In State,1,0,,,0,1,0,0,0,2.877,1
474639,,,,,,,,,,,,,,,,,,,,,,,,,,,,,,,,,,,,,,,,,,,,,,,,,,,,,,,,,,,,,,,,,,,,,,,,,,FR,0,NO,UND,0,Varsity,AMIT,M Indoor Track,,SO,2.892,NO,UND,0,Varsity,AMIT,M Indoor Track,,SO,3.278,NO,ACCPB,0,Varsity,AMIT,M Indoor Track,,JR,3.271,NO,ACCPB,0,Varsity,AMIT,M Indoor Track,NR,,,,M,5/31/2005,23/FAL,NO,Returns,0,NO,NO,FR,23-24,NE,,ACCPB,11/1/2023,,,1,In State,0,0,0,,0,1,0,0,0,3.271,1
474677,,,,,,,,,,,,,,,,,,,,,,,,,,,,,,,,,,,,,,,,,,,,,,,,,,,,,,,,,,,,,,,,,,,,,,,,,,FR,0,NO,UND,0,Varsity,AFBA,Football,,SO,3.876,NO,EGR,0,Varsity,AFBA,Football,,SO,3.717,NO,EGR,0,Varsity,AFBA,Football,,JR,3.598,NO,EGR,0,Varsity,AFBA,Football,NHS,WH,,,M,1/30/2005,23/FAL,NO,Returns,0,NO,NO,FR,23-24,NE,,EGR,8/1/2023,,,1,In State,0,0,0,,0,0,0,0,1,3.598,1
474770,,,,,,,,,,,,,,,,,,,,,,,,,,,,,,,,,,,,,,,,,,,,,,,,,,,,,,,,,,,,,,,,,,,,,,,,,,FR,0,NO,UND,0,Member,AWXC,W Cross Country,,FR,3.74,NO,ELED,0,Member,AWXC,W Cross Country,,SO,3.664,NO,ELED,0,Member,AWXC,W Cross Country,,SO,3.718,NO,ELED,0,Member,AWXC,W Cross Country,HIS,WH,,,F,12/10/2005,23/FAL,NO,Returns,0,NO,YES,FR,23-24,CA,,ELED,8/1/2023,6/1/2024,0.84,1,Out of State,0,1,,,1,0,1,0,0,3.718,1
475166,,,,,,,,,,,,,,,,,,,,,,,,,,,,,,,,,,,,,,,,,,,,,,,,,,,,,,,,,,,,,,,,,,,,,,,,,,FR,0,NO,UND,0,Varsity,AMIT,M Indoor Track,,FR,3.715,NO,EGR,0,Varsity,AMIT,M Indoor Track,,FR,3.67,NO,EGR,0,Varsity,AMIT,M Indoor Track,,SO,3.293,NO,EGR,0,Varsity,AMIT,M Indoor Track,NHS,WH,,,M,3/22/2005,23/FAL,NO,Returns,0,NO,YES,FR,23-24,NE,,EGR,1/1/2024,,,1,In State,0,0,,,0,0,0,0,0,3.293,1
475197,,,,,,,,,,,,,,,,,,,,,,,,,,,,,,,,,,,,,,,,,,,,,,,,,,,,,,,,,,,,,,,,,,,,,,,,,,FR,0,NO,UND,0,Varsity,AWTR,W Outdoor Track,,SO,3.869,NO,ACCPB,0,Varsity,AWTR,W Outdoor Track,,SO,3.835,NO,ACCPB,0,Varsity,AWTR,W Outdoor Track,,JR,3.798,NO,ACCPB,0,Varsity,AWTR,W Outdoor Track,NHS,WH,,,F,9/28/2004,23/FAL,NO,Returns,0,NO,NO,FR,23-24,NE,,ACCPB,10/1/2023,,,1,In State,0,0,0,,0,0,1,0,0,3.798,1
475211,,,,,,,,,,,,,,,,,,,,,,,,,,,,,,,,,,,,,,,,,,,,,,,,,,,,,,,,,,,,,,,,,,,,,,,,,,FR,0,NO,UND,0,Member,AWBB,W Basketball,,SO,3.636,NO,EXSCI,0,Member,AWBB,W Basketball,,SO,3.711,NO,EXSCI,0,Member,AWBB,W Basketball,,JR,3.711,NO,EXSCI,0,Member,AWBB,W Basketball,NHS,WH,,,F,12/23/2004,23/FAL,NO,Returns,0,NO,YES,FR,23-24,NE,,EXSCI,9/1/2024,,,1,In State,0,0,0,,0,0,1,0,0,3.711,1
475226,,,,,,,,,,,,,,,,,,,,,,,,,,,,,,,,,,,,,,,,,,,,,,,,,,,,,,,,,,,,,,,,,,,,,,,,,,FR,0,NO,UND,0,Member,AVOL,Volleyball,,SO,3.408,NO,BIO,0,Member,AVOL,Volleyball,,SO,3.47,NO,BIO,0,Member,AVOL,Volleyball,,JR,3.606,NO,BIO,0,Member,AVOL,Volleyball,NHS,WH,,,F,9/1/2004,23/FAL,NO,Returns,0,NO,YES,FR,23-24,NE,,BIO,8/1/2023,3/1/2024,0.58,1,In State,0,0,0,,0,0,1,0,0,3.606,1
475229,,,,,,,,,,,,,,,,,,,,,,,,,,,,,,,,,,,,,,,,,,,,,,,,,,,,,,,,,,,,,,,,,,,,,,,,,,FR,0,NO,UND,0,,,,,FR,3.608,NO,UND,0,,,,,FR,3.604,NO,UND,0,,,,,SO,3.389,NO,UND,0,,,,NHS,WH,,,F,1/15/2005,23/FAL,NO,Returns,0,NO,NO,FR,23-24,NE,,UND,,,,0,In State,0,0,,,0,0,1,0,0,3.389,0
475259,,,,,,,,,,,,,,,,,,,,,,,,,,,,,,,,,,,,,,,,,,,,,,,,,,,,,,,,,,,,,,,,,,,,,,,,,,FR,0,NO,UND,0,Member,ASOC,M Soccer,,SO,4,NO,EGR,0,Member,ASOC,M Soccer,,JR,4,NO,EGR,0,Member,ASOC,M Soccer,,JR,4,NO,EGR,0,Member,ASOC,M Soccer,NHS,WH,,,M,11/3/2004,23/FAL,NO,Returns,0,NO,NO,FR,23-24,MN,,EGR,8/1/2023,,,1,Out of State,0,1,0,,0,0,0,0,0,4,1
475368,,,,,,,,,,,,,,,,,,,,,,,,,,,,,,,,,,,,,,,,,,,,,,,,,,,,,,,,,,,,,,,,,,,,,,,,,,FR,0,YES,UND,0,,,,,FR,3.32,YES,SOC,0,,,,,FR,3.061,YES,SOC,0,,,,,SO,3.319,YES,SOC,0,,,,NHS,BL,WH,,F,4/1/2005,23/FAL,NO,Returns,0,NO,NO,FR,23-24,NE,,SOC,,,,0,In State,0,0,,,0,0,1,0,0,3.319,0
475372,,,,,,,,,,,,,,,,,,,,,,,,,,,,,,,,,,,,,,,,,,,,,,,,,,,,,,,,,,,,,,,,,,,,,,,,,,FR,0,NO,UND,0,Member,AMIT,M Indoor Track,,FR,3.06,NO,CMP,0,Member,AMIT,M Indoor Track,,SO,2.594,NO,ACCMG,0,Member,AMIT,M Indoor Track,,SO,2.865,NO,ACCMG,0,Member,AMIT,M Indoor Track,HIS,,,,M,10/24/2004,23/FAL,NO,Returns,0,NO,YES,FR,23-24,NE,,ACCMG,11/1/2023,,,1,In State,0,0,,,1,1,0,0,0,2.865,1
475431,,,,,,,,,,,,,,,,,,,,,,,,,,,,,,,,,,,,,,,,,,,,,,,,,,,,,,,,,,,,,,,,,,,,,,,,,,FR,0,NO,PSY,1,,,,,,,,,,,,,,,,,,,,,,,,,,,,,,,NR,,,,F,2/17/2005,23/FAL,YES,Left,1,NO,YES,FR,23-24,NE,,PSY,,,,0,In State,1,0,,,0,1,1,0,0,0,0
475444,,,,,,,,,,,,,,,,,,,,,,,,,,,,,,,,,,,,,,,,,,,,,,,,,,,,,,,,,,,,,,,,,,,,,,,,,,FR,0,NO,UND,0,Varsity,AMBB,M Basketball,,SO,3.721,NO,EXSCI,1,Varsity,AMBB,M Basketball,,,,,,,,,,,,,,,,,,,NHS,WH,,,M,7/28/2004,23/FAL,NO,Left,1,NO,NO,FR,23-24,NE,,EXSCI,10/1/2023,5/1/2024,0.58,1,In State,0,0,1,,0,0,0,0,0,3.721,1
475473,,,,,,,,,,,,,,,,,,,,,,,,,,,,,,,,,,,,,,,,,,,,,,,,,,,,,,,,,,,,,,,,,,,,,,,,,,FR,0,NO,UND,0,Varsity,AMIT,M Indoor Track,,FR,3.85,NO,EXSCI,0,Varsity,AMIT,M Indoor Track,,SO,3.592,NO,EXSCI,0,Varsity,AMIT,M Indoor Track,,SO,3.292,NO,EXSCI,0,Varsity,AMIT,M Indoor Track,HIS,WH,,,M,8/16/2004,23/FAL,NO,Returns,0,NO,YES,FR,23-24,NE,,EXSCI,11/1/2023,,,1,In State,0,0,,,1,0,0,0,0,3.292,1
475523,,,,,,,,,,,,,,,,,,,,,,,,,,,,,,,,,,,,,,,,,,,,,,,,,,,,,,,,,,,,,,,,,,,,,,,,,,FR,0,NO,UND,0,Member,AFBA,Football,,FR,2.46,NO,AGR,0,Member,AFBA,Football,,SO,2.493,NO,AGR,0,Member,AFBA,Football,,SO,2.602,NO,AGR,0,Member,AFBA,Football,NHS,WH,,,M,11/21/2004,23/FAL,NO,Returns,0,NO,NO,FR,23-24,NE,,AGR,8/1/2023,,,1,In State,0,0,,,0,0,0,0,1,2.602,1
475548,,,,,,,,,,,,,,,,,,,,,,,,,,,,,,,,,,,,,,,,,,,,,,,,,,,,,,,,,,,,,,,,,,,,,,,,,,FR,0,NO,UND,0,Member,ABSA,Baseball,,FR,1.75,NO,UND,1,Member,ABSA,Baseball,,,,,,,,,,,,,,,,,,,NR,,,,M,11/23/2004,23/FAL,NO,Left,1,YES,NO,FR,23-24,NE,,UND,9/1/2023,5/1/2024,0.67,1,In State,1,0,,,0,1,0,1,0,1.75,1
475557,,,,,,,,,,,,,,,,,,,,,,,,,,,,,,,,,,,,,,,,,,,,,,,,,,,,,,,,,,,,,,,,,,,,,,,,,,FR,0,NO,UND,0,Member,AWTR,W Outdoor Track,,FR,2.28,NO,PSY,0,Member,AWTR,W Outdoor Track,,FR,1.467,NO,PSY,0,Member,AWTR,W Outdoor Track,,SO,1.702,NO,PSY,0,Member,AWTR,W Outdoor Track,NHS,WH,,,F,12/16/2004,23/FAL,NO,Returns,0,NO,NO,FR,23-24,NE,,PSY,10/1/2023,,,1,In State,0,0,,,0,0,1,0,0,1.702,1
475576,,,,,,,,,,,,,,,,,,,,,,,,,,,,,,,,,,,,,,,,,,,,,,,,,,,,,,,,,,,,,,,,,,,,,,,,,,FR,0,NO,UND,0,Member,ASBL,Softball,,FR,1.75,NO,UND,1,Member,ASBL,Softball,,,,,,,,,,,,,,,,,,,NHS,WH,,,F,8/22/2005,23/FAL,YES,Left,1,NO,YES,FR,23-24,NE,,UND,9/1/2023,2/1/2024,0.42,1,In State,1,0,,,0,0,1,0,0,1.75,1
475582,,,,,,,,,,,,,,,,,,,,,,,,,,,,,,,,,,,,,,,,,,,,,,,,,,,,,,,,,,,,,,,,,,,,,,,,,,FR,0,NO,UND,0,Varsity,AWBB,W Basketball,,FR,3.52,NO,UND,1,Varsity,AWBB,W Basketball,,,,,,,,,,,,,,,,,,,NR,,,,F,6/29/2004,23/FAL,NO,Left,1,NO,NO,FR,23-24,NE,,UND,10/1/2023,5/1/2024,0.58,1,In State,1,0,,,0,1,1,0,0,3.52,1
475583,,,,,,,,,,,,,,,,,,,,,,,,,,,,,,,,,,,,,,,,,,,,,,,,,,,,,,,,,,,,,,,,,,,,,,,,,,FR,0,NO,UND,0,Member,ABSA,Baseball,,FR,1.46,NO,NRES,0,Member,ABSA,Baseball,,SO,2.088,NO,BIO,0,Member,ABSA,Baseball,,SO,2.178,NO,NRES,0,Member,ABSA,Baseball,NHS,WH,,,M,3/24/2005,23/FAL,NO,Returns,0,NO,NO,FR,23-24,NE,,NRES,9/1/2023,,,1,In State,0,0,,,0,0,0,0,0,2.178,1
475586,,,,,,,,,,,,,,,,,,,,,,,,,,,,,,,,,,,,,,,,,,,,,,,,,,,,,,,,,,,,,,,,,,,,,,,,,,FR,0,NO,UND,0,Member,ACHE,Cheerleading,,FR,3.4,NO,HSI,1,Member,ACHE,Cheerleading,,,,,,,,,,,,,,,,,,,HIS,WH,,,F,12/7/2004,23/FAL,YES,Left,1,NO,YES,FR,23-24,NE,,HSI,8/1/2023,12/1/2023,0.33,1,In State,1,0,,,1,0,1,0,0,3.4,1
475589,,,,,,,,,,,,,,,,,,,,,,,,,,,,,,,,,,,,,,,,,,,,,,,,,,,,,,,,,,,,,,,,,,,,,,,,,,FR,0,NO,UND,0,Member,AWBB,W Basketball,,FR,3.825,NO,POV,1,Member,AWBB,W Basketball,,,,,,,,,,,,,,,,,,,NHS,WH,,,F,9/29/2004,23/FAL,NO,Left,1,NO,YES,FR,23-24,NE,,POV,10/1/2023,5/1/2024,0.58,1,In State,1,0,,,0,0,1,0,0,3.825,1
475616,,,,,,,,,,,,,,,,,,,,,,,,,,,,,,,,,,,,,,,,,,,,,,,,,,,,,,,,,,,,,,,,,,,,,,,,,,FR,0,NO,UND,0,Varsity,AFBA,Football,,FR,2.286,NO,AGR,0,Varsity,AFBA,Football,,SO,2.229,NO,AGR,1,Varsity,AFBA,Football,,,,,,,,,,NHS,WH,,,M,3/17/2005,23/FAL,NO,Left,1,NO,NO,FR,23-24,NE,,AGR,8/1/2023,,,1,In State,0,0,1,,0,0,0,0,1,2.229,1
475639,,,,,,,,,,,,,,,,,,,,,,,,,,,,,,,,,,,,,,,,,,,,,,,,,,,,,,,,,,,,,,,,,,,,,,,,,,FR,0,NO,UND,0,Varsity,AMBB,M Basketball,,FR,4,NO,EXSCI,1,Varsity,AMBB,M Basketball,,,,,,,,,,,,,,,,,,,NHS,WH,,,M,9/10/2004,23/FAL,NO,Left,1,NO,NO,FR,23-24,NE,,EXSCI,10/1/2023,5/1/2024,0.58,1,In State,1,0,,,0,0,0,0,0,4,1
475644,,,,,,,,,,,,,,,,,,,,,,,,,,,,,,,,,,,,,,,,,,,,,,,,,,,,,,,,,,,,,,,,,,,,,,,,,,FR,0,NO,UND,0,Member,AWTR,W Outdoor Track,,FR,3.4,NO,EXSCI,1,Member,AWTR,W Outdoor Track,,,,,,,,,,,,,,,,,,,NHS,WH,,,F,7/1/2005,23/FAL,NO,Left,1,NO,NO,FR,23-24,NE,,EXSCI,10/1/2023,5/1/2024,0.58,1,In State,1,0,,,0,0,1,0,0,3.4,1
475657,,,,,,,,,,,,,,,,,,,,,,,,,,,,,,,,,,,,,,,,,,,,,,,,,,,,,,,,,,,,,,,,,,,,,,,,,,FR,0,NO,UND,0,Varsity,AWWR,W Wrestling,,FR,3.673,NO,EXSCI,0,Varsity,AWWR,W Wrestling,,SO,3.17,NO,EXSCI,0,Varsity,AWWR,W Wrestling,,SO,3.187,NO,EXSCI,0,Varsity,AWWR,W Wrestling,NHS,WH,,,F,6/22/2004,23/FAL,NO,Returns,0,NO,NO,FR,23-24,CO,,EXSCI,10/1/2023,,,1,Out of State,0,1,,,0,0,1,0,0,3.187,1
475731,,,,,,,,,,,,,,,,,,,,,,,,,,,,,,,,,,,,,,,,,,,,,,,,,,,,,,,,,,,,,,,,,,,,,,,,,,FR,0,NO,UND,0,Varsity,AFBA,Football,,SO,3.46,NO,UND,0,Varsity,AFBA,Football,,SO,3.64,NO,AGR,0,Varsity,AFBA,Football,,JR,3.72,NO,AGR,0,Varsity,AFBA,Football,NHS,WH,,,M,10/28/2004,23/FAL,NO,Returns,0,NO,NO,FR,23-24,NE,,AGR,8/1/2023,,,1,In State,0,0,0,,0,0,0,0,1,3.72,1
475749,,,,,,,,,,,,,,,,,,,,,,,,,,,,,,,,,,,,,,,,,,,,,,,,,,,,,,,,,,,,,,,,,,,,,,,,,,FR,0,NO,UND,0,Varsity,AWBB,W Basketball,,SO,3.82,NO,ACCPB,1,Varsity,AWBB,W Basketball,,,,,,,,,,,,,,,,,,,NHS,WH,,,F,11/9/2004,23/FAL,YES,Left,1,NO,YES,FR,23-24,WY,,ACCPB,10/1/2023,5/1/2024,0.58,1,Out of State,0,1,1,,0,0,1,0,0,3.82,1
475759,,,,,,,,,,,,,,,,,,,,,,,,,,,,,,,,,,,,,,,,,,,,,,,,,,,,,,,,,,,,,,,,,,,,,,,,,,FR,0,NO,UND,0,Varsity,AWRE,M Wrestling,,FR,3.076,NO,EGR,0,Varsity,AWRE,M Wrestling,,SO,3.025,NO,EGR,0,Varsity,AWRE,M Wrestling,,SO,2.786,NO,EGR,0,Varsity,AWRE,M Wrestling,NHS,WH,,,M,5/5/2004,23/FAL,NO,Returns,0,NO,NO,FR,23-24,LA,,EGR,10/1/2023,,,1,Out of State,0,1,,,0,0,0,0,0,2.786,1
475848,,,,,,,,,,,,,,,,,,,,,,,,,,,,,,,,,,,,,,,,,,,,,,,,,,,,,,,,,,,,,,,,,,,,,,,,,,FR,0,NO,UND,0,,,,,SO,3.944,NO,EGR,0,,,,,SO,3.909,NO,EGR,0,,,,,JR,3.782,NO,EGR,0,,,,NHS,WH,,,M,5/6/2005,23/FAL,NO,Returns,0,NO,YES,FR,23-24,NE,,EGR,,,,0,In State,0,0,0,,0,0,0,0,0,3.782,0
475913,,,,,,,,,,,,,,,,,,,,,,,,,,,,,,,,,,,,,,,,,,,,,,,,,,,,,,,,,,,,,,,,,,,,,,,,,,FR,0,NO,UND,0,Member,ADAN,Dance,,FR,3.62,NO,BUS,1,Member,ADAN,Dance,,,,,,,,,,,,,,,,,,,NHS,WH,,,F,2/8/2005,23/FAL,YES,Left,1,NO,NO,FR,23-24,NE,,BUS,8/1/2023,5/1/2024,0.75,1,In State,1,0,,,0,0,1,0,0,3.62,1
475970,,,,,,,,,,,,,,,,,,,,,,,,,,,,,,,,,,,,,,,,,,,,,,,,,,,,,,,,,,,,,,,,,,,,,,,,,,FR,0,NO,UND,0,Member,AWTR,W Outdoor Track,,SO,3.86,NO,SOC,0,Member,AWTR,W Outdoor Track,,SO,3.033,NO,BUS,0,Member,AWTR,W Outdoor Track,,SO,3.274,NO,BUS,0,Member,AWTR,W Outdoor Track,NHS,WH,,,F,9/9/2004,23/FAL,NO,Returns,0,NO,NO,FR,23-24,NE,,BUS,10/1/2023,12/1/2023,0.17,1,In State,0,0,,,0,0,1,0,0,3.274,1
475976,,,,,,,,,,,,,,,,,,,,,,,,,,,,,,,,,,,,,,,,,,,,,,,,,,,,,,,,,,,,,,,,,,,,,,,,,,FR,0,NO,UND,0,Varsity,AWWR,W Wrestling,,FR,3.94,NO,LAS,0,Varsity,AWWR,W Wrestling,,FR,3.792,NO,LAS,0,Varsity,AWWR,W Wrestling,,SO,3.795,NO,ART,0,Varsity,AWWR,W Wrestling,HIS,,,,F,11/15/2005,23/FAL,NO,Returns,0,NO,NO,FR,23-24,AZ,,ART,10/1/2023,,,1,Out of State,0,1,,,1,1,1,0,0,3.795,1
475992,,,,,,,,,,,,,,,,,,,,,,,,,,,,,,,,,,,,,,,,,,,,,,,,,,,,,,,,,,,,,,,,,,,,,,,,,,FR,0,NO,UND,0,Varsity,ASOC,M Soccer,,FR,1.25,NO,UND,1,Varsity,ASOC,M Soccer,,,,,,,,,,,,,,,,,,,NHS,AN,,,M,2/24/2005,23/FAL,NO,Left,1,NO,NO,FR,23-24,GA,,UND,8/1/2023,5/1/2024,0.75,1,Out of State,1,1,,,0,1,0,0,0,1.25,1
476091,,,,,,,,,,,,,,,,,,,,,,,,,,,,,,,,,,,,,,,,,,,,,,,,,,,,,,,,,,,,,,,,,,,,,,,,,,FR,0,NO,UND,0,Member,AWXC,W Cross Country,,FR,3.14,NO,UND,0,Member,AWXC,W Cross Country,,FR,2.68,NO,HIS,0,Member,AWXC,W Cross Country,,SO,3.007,NO,HIS,0,Member,AWXC,W Cross Country,NHS,WH,,,F,2/11/2005,23/FAL,NO,Returns,0,NO,NO,FR,23-24,NE,,HIS,8/1/2023,,,1,In State,0,0,,,0,0,1,0,0,3.007,1
476134,,,,,,,,,,,,,,,,,,,,,,,,,,,,,,,,,,,,,,,,,,,,,,,,,,,,,,,,,,,,,,,,,,,,,,,,,,FR,0,NO,UND,0,Member,ASBL,Softball,,FR,1.475,NO,UND,1,Member,ASBL,Softball,,,,,,,,,,,,,,,,,,,NR,,,,F,2/21/2005,23/FAL,NO,Left,1,NO,NO,FR,23-24,NE,,UND,9/1/2023,5/1/2024,0.67,1,In State,1,0,,,0,1,1,0,0,1.475,1
476153,,,,,,,,,,,,,,,,,,,,,,,,,,,,,,,,,,,,,,,,,,,,,,,,,,,,,,,,,,,,,,,,,,,,,,,,,,FR,0,YES,UND,0,,,,,SO,3.947,YES,ENG,0,,,,,SO,3.834,YES,ENG,0,,,,,JR,3.788,YES,ENGW,0,,,,NR,,,,F,5/6/2005,23/FAL,NO,Returns,0,NO,NO,FR,23-24,NE,,ENGW,,,,0,In State,0,0,0,,0,1,1,0,0,3.788,0
476184,,,,,,,,,,,,,,,,,,,,,,,,,,,,,,,,,,,,,,,,,,,,,,,,,,,,,,,,,,,,,,,,,,,,,,,,,,FR,0,YES,UND,0,,,,,FR,3.175,YES,GRD,0,,,,,SO,2.9,YES,GRD,0,,,,,SO,2.652,YES,GRD,0,,,,NHS,WH,,,M,9/16/2005,23/FAL,NO,Returns,0,NO,YES,FR,23-24,NE,,GRD,,,,0,In State,0,0,,,0,0,0,0,0,2.652,0
476225,,,,,,,,,,,,,,,,,,,,,,,,,,,,,,,,,,,,,,,,,,,,,,,,,,,,,,,,,,,,,,,,,,,,,,,,,,FR,0,NO,NRES,0,Varsity,AGOF,WGolf,,FR,2.177,NO,NRES,0,Varsity,AGOF,WGolf,,FR,1.937,NO,BIO,0,Varsity,AGOF,WGolf,,SO,1.772,NO,BIO,0,Varsity,AGOF,WGolf,HIS,,,,F,8/4/2005,23/FAL,NO,Returns,0,NO,NO,FR,23-24,TX,,BIO,8/1/2023,,,1,Out of State,0,1,,,1,1,1,0,0,1.772,1
476281,,,,,,,,,,,,,,,,,,,,,,,,,,,,,,,,,,,,,,,,,,,,,,,,,,,,,,,,,,,,,,,,,,,,,,,,,,FR,0,NO,UND,0,,,,,FR,2,NO,AGR,0,,,,,FR,2.175,NO,AGR,0,,,,,SO,2.083,NO,AGR,0,,,,NHS,WH,,,M,6/15/2005,23/FAL,NO,Returns,0,NO,NO,FR,23-24,NE,,AGR,,,,0,In State,0,0,,,0,0,0,0,0,2.083,0
476287,,,,,,,,,,,,,,,,,,,,,,,,,,,,,,,,,,,,,,,,,,,,,,,,,,,,,,,,,,,,,,,,,,,,,,,,,,FR,0,YES,UND,0,Member,AMIT,M Indoor Track,,FR,3.738,YES,EXSCI,0,Member,AMIT,M Indoor Track,,SO,3.842,YES,EXSCI,0,Member,AMIT,M Indoor Track,,SO,3.875,YES,EXSCI,0,Member,AMIT,M Indoor Track,NHS,WH,,,M,7/26/2004,23/FAL,NO,Returns,0,NO,NO,FR,23-24,NE,,EXSCI,11/1/2023,,,1,In State,0,0,,,0,0,0,0,0,3.875,1
476313,,,,,,,,,,,,,,,,,,,,,,,,,,,,,,,,,,,,,,,,,,,,,,,,,,,,,,,,,,,,,,,,,,,,,,,,,,FR,0,NO,UND,0,Member,AMXC,M Cross Country,,SO,3.54,NO,UND,0,Member,AMXC,M Cross Country,,SO,3.614,NO,EGR,0,Member,AMXC,M Cross Country,,JR,3.41,NO,EGR,0,Member,AMXC,M Cross Country,HIS,,,,M,8/31/2004,23/FAL,NO,Returns,0,NO,NO,FR,23-24,NE,,EGR,8/1/2023,,,1,In State,0,0,0,,1,1,0,0,0,3.41,1
476332,,,,,,,,,,,,,,,,,,,,,,,,,,,,,,,,,,,,,,,,,,,,,,,,,,,,,,,,,,,,,,,,,,,,,,,,,,FR,0,NO,UND,0,Member,AFBA,Football,,FR,2.6,NO,NRES,0,Member,AFBA,Football,,SO,1.756,NO,NRES,1,Member,AFBA,Football,,,,,,,,,,NHS,WH,,,M,6/1/2004,23/FAL,NO,Left,1,NO,NO,FR,23-24,NE,,NRES,8/1/2023,5/1/2024,0.75,1,In State,0,0,1,,0,0,0,0,1,1.756,1
476334,,,,,,,,,,,,,,,,,,,,,,,,,,,,,,,,,,,,,,,,,,,,,,,,,,,,,,,,,,,,,,,,,,,,,,,,,,FR,0,YES,UND,0,,,,,SO,3.94,YES,MUS,0,,,,,SO,3.972,YES,MUS,0,,,,,JR,3.982,YES,MUS,0,,,,HIS,,,,M,1/18/2005,23/FAL,NO,Returns,0,NO,YES,FR,23-24,NE,,MUS,,,,0,In State,0,0,0,,1,1,0,0,0,3.982,0
476439,,,,,,,,,,,,,,,,,,,,,,,,,,,,,,,,,,,,,,,,,,,,,,,,,,,,,,,,,,,,,,,,,,,,,,,,,,FR,0,YES,UND,0,,,,,FR,4,YES,BIOCM,0,,,,,SO,4,YES,BIOCM,0,,,,,SO,4,YES,BIOCM,0,,,,NHS,WH,,,F,5/9/2005,23/FAL,NO,Returns,0,NO,YES,FR,23-24,NE,,BIOCM,,,,0,In State,0,0,,,0,0,1,0,0,4,0
476506,,,,,,,,,,,,,,,,,,,,,,,,,,,,,,,,,,,,,,,,,,,,,,,,,,,,,,,,,,,,,,,,,,,,,,,,,,FR,0,NO,UND,0,Varsity,AWTR,W Outdoor Track,,FR,3.6,NO,BIO,0,Varsity,AWTR,W Outdoor Track,,SO,3.754,NO,BIO,0,Varsity,AWTR,W Outdoor Track,,SO,3.78,NO,BIO,0,Varsity,AWTR,W Outdoor Track,NHS,WH,,,F,4/18/2005,23/FAL,NO,Returns,0,NO,NO,FR,23-24,NE,,BIO,10/1/2023,,,1,In State,0,0,,,0,0,1,0,0,3.78,1
476511,,,,,,,,,,,,,,,,,,,,,,,,,,,,,,,,,,,,,,,,,,,,,,,,,,,,,,,,,,,,,,,,,,,,,,,,,,FR,0,NO,UND,0,Member,ABSA,Baseball,,FR,2.838,NO,UND,1,Member,ABSA,Baseball,,,,,,,,,,,,,,,,,,,NR,,,,M,8/30/2004,23/FAL,NO,Left,1,NO,NO,FR,23-24,NE,,UND,9/1/2023,5/1/2024,0.67,1,In State,1,0,,,0,1,0,0,0,2.838,1
476515,,,,,,,,,,,,,,,,,,,,,,,,,,,,,,,,,,,,,,,,,,,,,,,,,,,,,,,,,,,,,,,,,,,,,,,,,,FR,0,YES,UND,0,Varsity,ACHE,Cheerleading,,FR,2.35,YES,ELED,0,Varsity,ACHE,Cheerleading,,SO,2.452,NO,ENG,0,Varsity,ACHE,Cheerleading,,JR,2.5,NO,SPED,0,Varsity,ACHE,Cheerleading,NHS,WH,,,F,11/24/2004,23/FAL,NO,Returns,0,NO,NO,FR,23-24,NE,,SPED,8/1/2023,,,1,In State,0,0,0,,0,0,1,0,0,2.5,1
476528,,,,,,,,,,,,,,,,,,,,,,,,,,,,,,,,,,,,,,,,,,,,,,,,,,,,,,,,,,,,,,,,,,,,,,,,,,FR,0,YES,UND,0,,,,,FR,1.936,YES,UND,0,,,,,SO,1.969,YES,HIS,0,,,,,SO,1.891,YES,HIS,0,,,,NHS,WH,,,F,4/25/2005,23/FAL,NO,Returns,0,NO,YES,FR,23-24,KS,,HIS,,,,0,Out of State,0,1,,,0,0,1,0,0,1.891,0
476583,,,,,,,,,,,,,,,,,,,,,,,,,,,,,,,,,,,,,,,,,,,,,,,,,,,,,,,,,,,,,,,,,,,,,,,,,,FR,0,NO,UND,1,,,,,,,,,,,,,,,,,,,,,,,,,,,,,,,NHS,WH,,,F,3/7/2005,23/FAL,NO,Left,1,NO,YES,FR,23-24,UT,,UND,,,,0,Out of State,1,1,,,0,0,1,0,0,0,0
476654,,,,,,,,,,,,,,,,,,,,,,,,,,,,,,,,,,,,,,,,,,,,,,,,,,,,,,,,,,,,,,,,,,,,,,,,,,FR,0,NO,UND,0,Member,AWXC,W Cross Country,,FR,2.675,NO,BIO,0,Member,AWXC,W Cross Country,,FR,2.637,NO,BIO,0,Member,AWXC,W Cross Country,,SO,2.738,NO,BIO,0,Member,AWXC,W Cross Country,NHS,WH,,,F,5/29/2005,23/FAL,NO,Returns,0,NO,YES,FR,23-24,NE,,BIO,8/1/2024,,,1,In State,0,0,,,0,0,1,0,0,2.738,1
476658,,,,,,,,,,,,,,,,,,,,,,,,,,,,,,,,,,,,,,,,,,,,,,,,,,,,,,,,,,,,,,,,,,,,,,,,,,FR,0,NO,UND,0,Member,AGOL,MGolf,,FR,3.333,NO,BUS,1,Member,AGOL,MGolf,,,,,,,,,,,,,,,,,,,NHS,WH,,,M,1/2/2005,23/FAL,NO,Left,1,NO,NO,FR,23-24,,,BUS,8/1/2023,5/1/2024,0.75,1,Out of State,1,1,,,0,0,0,0,0,3.333,1
476666,,,,,,,,,,,,,,,,,,,,,,,,,,,,,,,,,,,,,,,,,,,,,,,,,,,,,,,,,,,,,,,,,,,,,,,,,,FR,0,NO,UND,0,,,,,FR,0.2,NO,GRD,0,,,,,FR,1.429,NO,GRD,0,,,,,FR,1.97,NO,GRD,0,,,,HIS,,,,F,12/5/2004,23/FAL,NO,Returns,0,NO,NO,FR,23-24,AZ,,GRD,,,,0,Out of State,,1,,,1,1,1,0,0,1.97,0
476667,,,,,,,,,,,,,,,,,,,,,,,,,,,,,,,,,,,,,,,,,,,,,,,,,,,,,,,,,,,,,,,,,,,,,,,,,,FR,0,NO,UND,0,,,,,FR,2.95,NO,ELED,0,,,,,SO,3.15,NO,ELED,0,,,,,SO,3.255,NO,ELED,0,,,,NHS,WH,,,F,4/13/2005,23/FAL,NO,Returns,0,NO,NO,FR,23-24,CO,,ELED,,,,0,Out of State,0,1,,,0,0,1,0,0,3.255,0
476668,,,,,,,,,,,,,,,,,,,,,,,,,,,,,,,,,,,,,,,,,,,,,,,,,,,,,,,,,,,,,,,,,,,,,,,,,,FR,0,NO,UND,0,Varsity,AWRE,M Wrestling,,FR,2.82,NO,EXSCI,0,Varsity,AWRE,M Wrestling,,SO,3.127,NO,EXSCI,0,Varsity,AWRE,M Wrestling,,SO,3.198,NO,EXSCI,0,Varsity,AWRE,M Wrestling,NHS,AN,,,M,6/29/2004,23/FAL,NO,Returns,0,NO,YES,FR,23-24,CA,,EXSCI,10/1/2023,,,1,Out of State,0,1,,,0,1,0,0,0,3.198,1
476689,,,,,,,,,,,,,,,,,,,,,,,,,,,,,,,,,,,,,,,,,,,,,,,,,,,,,,,,,,,,,,,,,,,,,,,,,,FR,0,YES,UND,0,,,,,FR,3.469,YES,THE,0,,,,,SO,2.765,YES,THE,0,,,,,SO,2.479,YES,THE,0,,,,HIS,WH,,,F,2/15/2005,23/FAL,NO,Returns,0,NO,NO,FR,23-24,TX,,THE,,,,0,Out of State,0,1,,,1,0,1,0,0,2.479,0
476692,,,,,,,,,,,,,,,,,,,,,,,,,,,,,,,,,,,,,,,,,,,,,,,,,,,,,,,,,,,,,,,,,,,,,,,,,,FR,0,NO,UND,0,Varsity,AFBA,Football,,SO,3.838,NO,PEHTH,0,Varsity,AFBA,Football,,SO,3.86,NO,PEHTH,0,Varsity,AFBA,Football,,JR,3.891,NO,PEHTH,0,Varsity,AFBA,Football,NHS,WH,,,M,2/7/2005,23/FAL,NO,Returns,0,NO,NO,FR,23-24,NE,,PEHTH,8/1/2023,,,1,In State,0,0,0,,0,0,0,0,1,3.891,1
476694,,,,,,,,,,,,,,,,,,,,,,,,,,,,,,,,,,,,,,,,,,,,,,,,,,,,,,,,,,,,,,,,,,,,,,,,,,FR,0,NO,UND,0,Member,AFBA,Football,,FR,2.191,NO,UND,0,Member,AFBA,Football,,FR,2.059,NO,SPED,1,Member,AFBA,Football,,,,,,,,,,NHS,BL,,,M,6/29/2005,23/FAL,NO,Left,1,NO,YES,FR,23-24,TX,,SPED,8/1/2023,,,1,Out of State,1,1,,,0,1,0,0,1,2.059,1
476757,,,,,,,,,,,,,,,,,,,,,,,,,,,,,,,,,,,,,,,,,,,,,,,,,,,,,,,,,,,,,,,,,,,,,,,,,,FR,0,NO,UND,0,Member,AWXC,W Cross Country,,FR,3.869,NO,EGR,0,Member,AWXC,W Cross Country,,SO,3.163,NO,EGR,0,Member,AWXC,W Cross Country,,SO,2.905,NO,EGR,0,Member,AWXC,W Cross Country,NHS,WH,,,F,7/4/2005,23/FAL,NO,Returns,0,NO,YES,FR,23-24,NE,,EGR,8/1/2023,,,1,In State,0,0,,,0,0,1,0,0,2.905,1
476770,,,,,,,,,,,,,,,,,,,,,,,,,,,,,,,,,,,,,,,,,,,,,,,,,,,,,,,,,,,,,,,,,,,,,,,,,,FR,0,NO,UND,0,Varsity,AMIT,M Indoor Track,,FR,3.538,NO,BUS,0,Varsity,AMIT,M Indoor Track,,FR,3.262,NO,BUS,0,Varsity,AMIT,M Indoor Track,,SO,3.229,NO,BUS,0,Varsity,AMIT,M Indoor Track,NHS,BL,,,M,10/20/2004,23/FAL,NO,Returns,0,NO,NO,FR,23-24,NE,,BUS,11/1/2023,,,1,In State,0,0,,,0,1,0,0,0,3.229,1
476818,,,,,,,,,,,,,,,,,,,,,,,,,,,,,,,,,,,,,,,,,,,,,,,,,,,,,,,,,,,,,,,,,,,,,,,,,,FR,0,NO,UND,0,Member,ABSA,Baseball,,FR,3.918,NO,UND,0,Member,ABSA,Baseball,,FR,2.865,NO,UND,1,Member,ABSA,Baseball,,,,,,,,,,HIS,BL,WH,,M,11/1/2004,23/FAL,NO,Left,1,NO,NO,FR,23-24,CO,,UND,9/1/2023,12/1/2024,1.25,1,Out of State,1,1,,,1,0,0,0,0,2.865,1
477071,,,,,,,,,,,,,,,,,,,,,,,,,,,,,,,,,,,,,,,,,,,,,,,,,,,,,,,,,,,,,,,,,,,,,,,,,,FR,0,NO,UND,0,,,,,SO,4,NO,ELED,0,,,,,SO,3.674,NO,ELED,0,,,,,JR,3.688,NO,ELED,0,,,,NHS,WH,,,F,12/8/2004,23/FAL,NO,Returns,0,NO,NO,FR,23-24,CO,,ELED,,,,0,Out of State,0,1,0,,0,0,1,0,0,3.688,0
477093,,,,,,,,,,,,,,,,,,,,,,,,,,,,,,,,,,,,,,,,,,,,,,,,,,,,,,,,,,,,,,,,,,,,,,,,,,FR,0,NO,UND,0,Varsity,AMIT,M Indoor Track,,FR,3.736,NO,EGR,0,Varsity,AMIT,M Indoor Track,,SO,3.655,NO,EGR,0,Varsity,AMIT,M Indoor Track,,JR,3.523,NO,EGR,0,Varsity,AMIT,M Indoor Track,NHS,WH,,,M,7/27/2004,23/FAL,NO,Returns,0,NO,NO,FR,23-24,NE,,EGR,11/1/2023,,,1,In State,0,0,0,,0,0,0,0,0,3.523,1
477104,,,,,,,,,,,,,,,,,,,,,,,,,,,,,,,,,,,,,,,,,,,,,,,,,,,,,,,,,,,,,,,,,,,,,,,,,,FR,0,NO,UND,0,Varsity,ASBL,Softball,,FR,3.944,NO,BIO,0,Varsity,ASBL,Softball,,SO,3.856,NO,BIO,0,Varsity,ASBL,Softball,,SO,3.885,NO,BIO,0,Varsity,ASBL,Softball,NHS,WH,,,F,1/7/2005,23/FAL,NO,Returns,0,NO,NO,FR,23-24,NV,,BIO,9/1/2023,,,1,Out of State,0,1,,,0,0,1,0,0,3.885,1
477162,,,,,,,,,,,,,,,,,,,,,,,,,,,,,,,,,,,,,,,,,,,,,,,,,,,,,,,,,,,,,,,,,,,,,,,,,,FR,0,NO,UND,0,,,,,FR,2.54,NO,UND,0,,,,,SO,2.122,NO,CMP,1,,,,,,,,,,,,,NHS,BL,WH,,M,1/9/2005,23/FAL,NO,Left,1,NO,NO,FR,23-24,NE,,CMP,,,,0,In State,0,0,1,,0,0,0,0,0,2.122,0
477169,,,,,,,,,,,,,,,,,,,,,,,,,,,,,,,,,,,,,,,,,,,,,,,,,,,,,,,,,,,,,,,,,,,,,,,,,,FR,0,NO,UND,0,Varsity,AGOF,WGolf,,FR,3.593,NO,UND,0,Varsity,AGOF,WGolf,,SO,3.674,NO,EXSCI,0,Varsity,AGOF,WGolf,,SO,3.731,NO,EXSCI,0,Varsity,AGOF,WGolf,NHS,WH,,,F,5/29/2005,23/FAL,NO,Returns,0,NO,NO,FR,23-24,NE,,EXSCI,8/1/2023,,,1,In State,0,0,,,0,0,1,0,0,3.731,1
477185,,,,,,,,,,,,,,,,,,,,,,,,,,,,,,,,,,,,,,,,,,,,,,,,,,,,,,,,,,,,,,,,,,,,,,,,,,FR,0,NO,UND,1,Member,ABSA,Baseball,,,,,,,,,,,,,,,,,,,,,,,,,,,,NHS,WH,,,M,8/27/2005,23/FAL,NO,Left,1,YES,NO,FR,23-24,NE,,UND,9/1/2023,12/15/2023,0.29,1,In State,1,0,,,0,0,0,1,0,0,1
477290,,,,,,,,,,,,,,,,,,,,,,,,,,,,,,,,,,,,,,,,,,,,,,,,,,,,,,,,,,,,,,,,,,,,,,,,,,FR,0,NO,UND,0,Member,AFBA,Football,,FR,2.48,NO,UND,1,Member,AFBA,Football,,,,,,,,,,,,,,,,,,,NR,,,,M,9/5/2005,23/FAL,YES,Left,1,NO,YES,FR,23-24,AZ,,UND,8/1/2023,5/1/2024,0.75,1,Out of State,1,1,,,0,1,0,0,1,2.48,1
477382,,,,,,,,,,,,,,,,,,,,,,,,,,,,,,,,,,,,,,,,,,,,,,,,,,,,,,,,,,,,,,,,,,,,,,,,,,FR,0,NO,ELED,0,Varsity,AGOF,WGolf,,FR,3.8,NO,ELED,0,Varsity,AGOF,WGolf,,SO,3.725,NO,ELED,0,Varsity,AGOF,WGolf,,SO,3.813,NO,ELED,0,Varsity,AGOF,WGolf,NHS,WH,,,F,11/4/2005,23/FAL,NO,Returns,0,NO,NO,FR,23-24,MI,,ELED,8/1/2023,,,1,Out of State,0,1,,,0,0,1,0,0,3.813,1
477869,,,,,,,,,,,,,,,,,,,,,,,,,,,,,,,,,,,,,,,,,,,,,,,,,,,,,,,,,,,,,,,,,,,,,,,,,,FR,0,NO,UND,0,Varsity,AWWR,W Wrestling,,SO,3.45,NO,EGR,0,Varsity,AWWR,W Wrestling,,SO,3.339,NO,EGR,1,Varsity,AWWR,W Wrestling,,,,,,,,,,NHS,WH,,,F,11/24/2004,23/FAL,NO,Left,1,NO,NO,FR,23-24,NE,,EGR,10/1/2023,,,1,In State,0,0,1,,0,0,1,0,0,3.339,1
477909,,,,,,,,,,,,,,,,,,,,,,,,,,,,,,,,,,,,,,,,,,,,,,,,,,,,,,,,,,,,,,,,,,,,,,,,,,FR,0,NO,UND,0,Member,AWWR,W Wrestling,,FR,3.681,NO,ELED,0,Member,AWWR,W Wrestling,,SO,3.664,NO,ELED,0,Member,AWWR,W Wrestling,,SO,3.733,NO,ELED,0,Member,AWWR,W Wrestling,NR,,,,F,11/8/2004,23/FAL,NO,Returns,0,NO,YES,FR,23-24,NE,,ELED,10/1/2023,5/1/2024,0.58,1,In State,0,0,,,0,1,1,0,0,3.733,1
478022,,,,,,,,,,,,,,,,,,,,,,,,,,,,,,,,,,,,,,,,,,,,,,,,,,,,,,,,,,,,,,,,,,,,,,,,,,FR,0,NO,UND,0,Varsity,AMIT,M Indoor Track,,FR,2.25,NO,UND,0,Varsity,AMIT,M Indoor Track,,FR,1.948,NO,UND,1,Varsity,AMIT,M Indoor Track,,,,,,,,,,NHS,WH,,,M,11/6/2004,23/FAL,NO,Left,1,NO,YES,FR,23-24,NE,,UND,11/1/2023,,,1,In State,1,0,,,0,0,0,0,0,1.948,1
478064,,,,,,,,,,,,,,,,,,,,,,,,,,,,,,,,,,,,,,,,,,,,,,,,,,,,,,,,,,,,,,,,,,,,,,,,,,FR,0,NO,UND,0,Member,AFBA,Football,,FR,3.756,NO,EGR,0,Member,AFBA,Football,,SO,3.87,NO,EGR,0,Member,AFBA,Football,,SO,3.773,NO,EGR,0,Member,AFBA,Football,NHS,BL,WH,,M,9/23/2004,23/FAL,NO,Returns,0,NO,YES,FR,23-24,NE,,EGR,8/1/2023,,,1,In State,0,0,,,0,0,0,0,1,3.773,1
478120,,,,,,,,,,,,,,,,,,,,,,,,,,,,,,,,,,,,,,,,,,,,,,,,,,,,,,,,,,,,,,,,,,,,,,,,,,FR,0,NO,UND,0,Member,AMIT,M Indoor Track,,FR,1.26,NO,CMP,0,Member,AMIT,M Indoor Track,,SO,2.017,NO,CMP,0,Member,AMIT,M Indoor Track,,SO,2.012,NO,CMP,0,Member,AMIT,M Indoor Track,NR,,,,M,6/8/2005,23/FAL,NO,Returns,0,NO,YES,FR,23-24,TX,,CMP,12/1/2024,,,1,Out of State,0,1,,,0,1,0,0,0,2.012,1
478329,,,,,,,,,,,,,,,,,,,,,,,,,,,,,,,,,,,,,,,,,,,,,,,,,,,,,,,,,,,,,,,,,,,,,,,,,,FR,0,NO,UND,0,Varsity,AFBA,Football,,FR,0.175,NO,BUS,1,Varsity,AFBA,Football,,,,,,,,,,,,,,,,,,,NHS,BL,,,M,12/1/2004,23/FAL,NO,Left,1,NO,YES,FR,23-24,MS,,BUS,8/1/2023,5/1/2024,0.75,1,Out of State,1,1,,,0,1,0,0,1,0.175,1
478422,,,,,,,,,,,,,,,,,,,,,,,,,,,,,,,,,,,,,,,,,,,,,,,,,,,,,,,,,,,,,,,,,,,,,,,,,,FR,0,NO,UND,1,,AWWR,W Wrestling,,,,,,,,,,,,,,,,,,,,,,,,,,,,NHS,WH,,,F,4/12/2005,23/FAL,NO,Left,1,NO,YES,FR,23-24,NE,,UND,10/1/2023,10/16/2023,0.04,1,In State,1,0,,,0,0,1,0,0,0,1
478559,,,,,,,,,,,,,,,,,,,,,,,,,,,,,,,,,,,,,,,,,,,,,,,,,,,,,,,,,,,,,,,,,,,,,,,,,,FR,0,YES,UND,0,,,,,FR,3.538,YES,THE,0,,,,,SO,2.229,YES,THE,0,,,,,SO,2.159,YES,THE,0,,,,NHS,WH,,,F,10/26/2004,23/FAL,NO,Returns,0,NO,NO,FR,23-24,MO,,THE,,,,0,Out of State,0,1,,,0,0,1,0,0,2.159,0
478925,,,,,,,,,,,,,,,,,,,,,,,,,,,,,,,,,,,,,,,,,,,,,,,,,,,,,,,,,,,,,,,,,,,,,,,,,,FR,0,YES,UND,0,Varsity,AWXC,W Cross Country,,SO,3.86,YES,UND,0,Varsity,AWXC,W Cross Country,,SO,3.893,YES,PSY,0,Varsity,AWXC,W Cross Country,,JR,3.82,YES,PSY,0,Varsity,AWXC,W Cross Country,NHS,WH,,,F,7/7/2005,23/FAL,NO,Returns,0,NO,NO,FR,23-24,NE,,PSY,8/1/2023,,,1,In State,0,0,0,,0,0,1,0,0,3.82,1
478976,,,,,,,,,,,,,,,,,,,,,,,,,,,,,,,,,,,,,,,,,,,,,,,,,,,,,,,,,,,,,,,,,,,,,,,,,,FR,0,NO,UND,0,Varsity,AFBA,Football,,FR,1.182,NO,AGR,0,Varsity,AFBA,Football,,FR,2,NO,AGR,0,Varsity,AFBA,Football,,SO,2.347,NO,AGR,0,Varsity,AFBA,Football,NHS,WH,,,M,3/2/2005,23/FAL,NO,Returns,0,NO,YES,FR,23-24,NE,,AGR,8/1/2023,,,1,In State,0,0,,,0,0,0,0,1,2.347,1
479001,,,,,,,,,,,,,,,,,,,,,,,,,,,,,,,,,,,,,,,,,,,,,,,,,,,,,,,,,,,,,,,,,,,,,,,,,,FR,0,NO,UND,0,Varsity,AWWR,W Wrestling,,FR,3.721,NO,EXSCI,0,Varsity,AWWR,W Wrestling,,SO,3.861,NO,EXSCI,0,Varsity,AWWR,W Wrestling,,SO,3.879,NO,EXSCI,0,Varsity,AWWR,W Wrestling,HIS,AN,,,F,2/3/2005,23/FAL,NO,Returns,0,NO,NO,FR,23-24,MO,,EXSCI,10/1/2023,,,1,Out of State,0,1,,,1,1,1,0,0,3.879,1
479013,,,,,,,,,,,,,,,,,,,,,,,,,,,,,,,,,,,,,,,,,,,,,,,,,,,,,,,,,,,,,,,,,,,,,,,,,,FR,0,NO,UND,0,Member,AFBA,Football,,FR,3.319,NO,NRES,1,Member,AFBA,Football,,,,,,,,,,,,,,,,,,,NHS,WH,,,M,9/13/2004,23/FAL,NO,Left,1,NO,YES,FR,23-24,NE,,NRES,8/1/2023,5/1/2024,0.75,1,In State,1,0,,,0,0,0,0,1,3.319,1
479053,,,,,,,,,,,,,,,,,,,,,,,,,,,,,,,,,,,,,,,,,,,,,,,,,,,,,,,,,,,,,,,,,,,,,,,,,,FR,0,NO,UND,1,Member,AFBA,Football,,,,,,,,,,,,,,,,,,,,,,,,,,,,NHS,WH,,,M,2/23/2005,23/FAL,NO,Left,1,NO,YES,FR,23-24,TX,,UND,8/1/2023,12/1/2023,0.33,1,Out of State,1,1,,,0,0,0,0,1,0,1
479145,,,,,,,,,,,,,,,,,,,,,,,,,,,,,,,,,,,,,,,,,,,,,,,,,,,,,,,,,,,,,,,,,,,,,,,,,,FR,0,NO,UND,0,Member,AMIT,M Indoor Track,,FR,1.567,NO,BUS,1,Member,AMIT,M Indoor Track,,,,,,,,,,,,,,,,,,,HIS,WH,,,M,4/4/2005,23/FAL,YES,Left,1,NO,NO,FR,23-24,TX,,BUS,11/1/2023,5/1/2024,0.5,1,Out of State,1,1,,,1,0,0,0,0,1.567,1
479194,,,,,,,,,,,,,,,,,,,,,,,,,,,,,,,,,,,,,,,,,,,,,,,,,,,,,,,,,,,,,,,,,,,,,,,,,,FR,0,NO,UND,0,Member,AFBA,Football,,FR,0.5,NO,UND,1,Member,AFBA,Football,,,,,,,,,,,,,,,,,,,HIS,WH,,,M,2/10/2005,23/FAL,YES,Left,1,YES,YES,FR,23-24,TX,,UND,8/1/2023,5/1/2024,0.75,1,Out of State,1,1,,,1,0,0,1,1,0.5,1
479195,,,,,,,,,,,,,,,,,,,,,,,,,,,,,,,,,,,,,,,,,,,,,,,,,,,,,,,,,,,,,,,,,,,,,,,,,,FR,0,NO,UND,0,Member,AFBA,Football,,FR,2.48,NO,BUS,0,Member,AFBA,Football,,SO,2.63,NO,BUS,0,Member,AFBA,Football,,SO,2.587,NO,BUS,0,Member,AFBA,Football,NHS,BL,WH,,M,3/3/2005,23/FAL,NO,Returns,0,NO,NO,FR,23-24,MO,,BUS,8/1/2023,,,1,Out of State,0,1,,,0,0,0,0,1,2.587,1
479263,,,,,,,,,,,,,,,,,,,,,,,,,,,,,,,,,,,,,,,,,,,,,,,,,,,,,,,,,,,,,,,,,,,,,,,,,,FR,0,YES,UND,0,,,,,FR,3.069,YES,MUS,0,,,,,SO,3.512,YES,MUS,0,,,,,SO,3.584,YES,MUS,0,,,,HIS,AN,,,F,2/3/2005,23/FAL,NO,Returns,0,NO,NO,FR,23-24,MO,,MUS,,,,0,Out of State,0,1,,,1,1,1,0,0,3.584,0
479310,,,,,,,,,,,,,,,,,,,,,,,,,,,,,,,,,,,,,,,,,,,,,,,,,,,,,,,,,,,,,,,,,,,,,,,,,,FR,0,NO,UND,0,Member,AMBB,M Basketball,,FR,3.325,NO,ACCPB,0,Member,AMBB,M Basketball,,SO,2.904,NO,ACCPB,0,Member,AMBB,M Basketball,,JR,3.028,NO,ACCPB,0,Member,AMBB,M Basketball,NHS,WH,,,M,6/4/2005,23/FAL,NO,Returns,0,NO,NO,FR,23-24,KS,,ACCPB,10/1/2023,,,1,Out of State,0,1,0,,0,0,0,0,0,3.028,1
479350,,,,,,,,,,,,,,,,,,,,,,,,,,,,,,,,,,,,,,,,,,,,,,,,,,,,,,,,,,,,,,,,,,,,,,,,,,FR,0,NO,UND,0,,,,,FR,3.66,NO,UND,0,,,,,SO,3.455,NO,BUS,0,,,,,SO,3.625,NO,BUS,0,,,,NHS,BL,WH,,F,4/2/2005,23/FAL,NO,Returns,0,NO,YES,FR,23-24,CO,,BUS,,,,0,Out of State,0,1,,,0,0,1,0,0,3.625,0
479352,,,,,,,,,,,,,,,,,,,,,,,,,,,,,,,,,,,,,,,,,,,,,,,,,,,,,,,,,,,,,,,,,,,,,,,,,,FR,0,NO,UND,0,Varsity,ADAN,Dance,,FR,2.6,NO,SSI,0,Varsity,ADAN,Dance,,FR,1.967,NO,SSI,0,Varsity,ADAN,Dance,,SO,2.264,NO,SSI,0,Varsity,ADAN,Dance,HIS,WH,,,F,1/29/2005,23/FAL,NO,Returns,0,NO,YES,FR,23-24,NE,,SSI,8/1/2023,,,1,In State,0,0,,,1,0,1,0,0,2.264,1
479374,,,,,,,,,,,,,,,,,,,,,,,,,,,,,,,,,,,,,,,,,,,,,,,,,,,,,,,,,,,,,,,,,,,,,,,,,,FR,0,NO,UND,1,Member,AFBA,Football,,,,,,,,,,,,,,,,,,,,,,,,,,,,NHS,WH,,,M,3/11/2005,23/FAL,NO,Left,1,YES,NO,FR,23-24,NE,,UND,8/1/2023,12/1/2023,0.33,1,In State,1,0,,,0,0,0,1,1,0,1
479383,,,,,,,,,,,,,,,,,,,,,,,,,,,,,,,,,,,,,,,,,,,,,,,,,,,,,,,,,,,,,,,,,,,,,,,,,,FR,0,NO,UND,1,Varsity,AFBA,Football,,,,,,,,,,,,,,,,,,,,,,,,,,,,NHS,WH,,,M,11/5/2004,23/FAL,NO,Left,1,NO,NO,FR,23-24,KS,,UND,8/1/2023,12/1/2023,0.33,1,Out of State,1,1,,,0,0,0,0,1,0,1
479422,,,,,,,,,,,,,,,,,,,,,,,,,,,,,,,,,,,,,,,,,,,,,,,,,,,,,,,,,,,,,,,,,,,,,,,,,,FR,0,NO,UND,0,Member,AMIT,M Indoor Track,,FR,2.25,NO,UND,1,Member,AMIT,M Indoor Track,,,,,,,,,,,,,,,,,,,NHS,WH,,,M,8/2/2004,23/FAL,YES,Left,1,NO,YES,FR,23-24,NE,,UND,11/1/2023,5/1/2024,0.5,1,In State,1,0,,,0,0,0,0,0,2.25,1
479470,,,,,,,,,,,,,,,,,,,,,,,,,,,,,,,,,,,,,,,,,,,,,,,,,,,,,,,,,,,,,,,,,,,,,,,,,,FR,0,NO,UND,0,Member,AFBA,Football,,FR,2.74,NO,EGR,1,Member,AFBA,Football,,,,,,,,,,,,,,,,,,,NHS,WH,,,M,7/20/2005,23/FAL,YES,Left,1,NO,NO,FR,23-24,NE,,EGR,8/1/2023,5/1/2024,0.75,1,In State,1,0,,,0,0,0,0,1,2.74,1
479545,,,,,,,,,,,,,,,,,,,,,,,,,,,,,,,,,,,,,,,,,,,,,,,,,,,,,,,,,,,,,,,,,,,,,,,,,,FR,0,NO,UND,0,Member,AMIT,M Indoor Track,,FR,1.6,NO,CMP,0,Member,AMIT,M Indoor Track,,FR,2.08,NO,CMP,0,Member,AMIT,M Indoor Track,,SO,2.147,NO,CMP,0,Member,AMIT,M Indoor Track,HIS,BL,,,M,2/4/2005,23/FAL,NO,Returns,0,NO,NO,FR,23-24,NY,,CMP,11/1/2023,,,1,Out of State,0,1,,,1,1,0,0,0,2.147,1
479606,,,,,,,,,,,,,,,,,,,,,,,,,,,,,,,,,,,,,,,,,,,,,,,,,,,,,,,,,,,,,,,,,,,,,,,,,,FR,0,NO,UND,0,Member,AMIT,M Indoor Track,,FR,2.25,NO,BUS,0,Member,AMIT,M Indoor Track,,SO,2.7,NO,BUS,0,Member,AMIT,M Indoor Track,,SO,3.038,NO,BUS,0,Member,AMIT,M Indoor Track,NHS,WH,,,M,8/10/2004,23/FAL,NO,Returns,0,NO,NO,FR,23-24,CA,,BUS,11/1/2023,6/1/2024,0.58,1,Out of State,0,1,,,0,0,0,0,0,3.038,1
479620,,,,,,,,,,,,,,,,,,,,,,,,,,,,,,,,,,,,,,,,,,,,,,,,,,,,,,,,,,,,,,,,,,,,,,,,,,FR,0,NO,UND,0,Member,ASOC,M Soccer,,FR,1.94,NO,UND,0,Member,ASOC,M Soccer,,FR,2.111,NO,UND,0,Member,ASOC,M Soccer,,SO,2.378,NO,UND,0,Member,ASOC,M Soccer,NR,,,,M,4/8/2005,23/FAL,NO,Returns,0,NO,NO,FR,23-24,NE,,UND,8/1/2023,,,1,In State,0,0,,,0,1,0,0,0,2.378,1
479635,,,,,,,,,,,,,,,,,,,,,,,,,,,,,,,,,,,,,,,,,,,,,,,,,,,,,,,,,,,,,,,,,,,,,,,,,,FR,0,NO,UND,0,Varsity,AFBA,Football,,FR,2.993,NO,EXSCI,0,Varsity,AFBA,Football,,SO,2.286,NO,EXSCI,0,Varsity,AFBA,Football,,SO,2.547,NO,EXSCI,0,Varsity,AFBA,Football,NHS,WH,,,M,11/7/2004,23/FAL,NO,Returns,0,NO,NO,FR,23-24,TX,,EXSCI,8/1/2023,,,1,Out of State,0,1,,,0,0,0,0,1,2.547,1
479830,,,,,,,,,,,,,,,,,,,,,,,,,,,,,,,,,,,,,,,,,,,,,,,,,,,,,,,,,,,,,,,,,,,,,,,,,,FR,0,NO,UND,0,Member,AFBA,Football,,FR,0.707,NO,GRD,1,Member,AFBA,Football,,,,,,,,,,,,,,,,,,,NHS,BL,,,M,4/20/2005,23/FAL,NO,Left,1,NO,YES,FR,23-24,FL,,GRD,8/1/2023,5/1/2024,0.75,1,Out of State,1,1,,,0,1,0,0,1,0.707,1
479839,,,,,,,,,,,,,,,,,,,,,,,,,,,,,,,,,,,,,,,,,,,,,,,,,,,,,,,,,,,,,,,,,,,,,,,,,,FR,0,NO,UND,0,Member,AFBA,Football,,FR,2.438,NO,EGR,0,Member,AFBA,Football,,SO,2.213,NO,EGR,1,Member,AFBA,Football,,,,,,,,,,NHS,NP,,,M,8/9/2004,23/FAL,NO,Left,1,NO,YES,FR,23-24,CO,,EGR,8/1/2023,,,1,Out of State,0,1,1,,0,1,0,0,1,2.213,1
479885,,,,,,,,,,,,,,,,,,,,,,,,,,,,,,,,,,,,,,,,,,,,,,,,,,,,,,,,,,,,,,,,,,,,,,,,,,FR,0,NO,UND,0,Member,AMBB,M Basketball,,SO,2.74,NO,UND,0,Member,AMBB,M Basketball,,SO,2.611,NO,ACCPB,0,Member,AMBB,M Basketball,,JR,2.8,NO,ACCPB,0,Member,AMBB,M Basketball,NHS,WH,,,M,5/9/2005,23/FAL,NO,Returns,0,NO,NO,FR,23-24,NE,,ACCPB,10/1/2023,,,1,In State,0,0,0,,0,0,0,0,0,2.8,1
480258,,,,,,,,,,,,,,,,,,,,,,,,,,,,,,,,,,,,,,,,,,,,,,,,,,,,,,,,,,,,,,,,,,,,,,,,,,FR,0,NO,UND,0,Varsity,AFBA,Football,,FR,2.34,NO,NRES,0,Varsity,AFBA,Football,,SO,2.24,NO,NRES,0,Varsity,AFBA,Football,,SO,2.502,NO,NRES,0,Varsity,AFBA,Football,NHS,WH,,,M,10/25/2004,23/FAL,NO,Returns,0,NO,YES,FR,23-24,WA,,NRES,8/1/2023,,,1,Out of State,0,1,,,0,0,0,0,1,2.502,1
480387,,,,,,,,,,,,,,,,,,,,,,,,,,,,,,,,,,,,,,,,,,,,,,,,,,,,,,,,,,,,,,,,,,,,,,,,,,FR,0,NO,UND,0,Varsity,AMIT,M Indoor Track,,FR,3.6,NO,ELED,0,Varsity,AMIT,M Indoor Track,,SO,3.653,NO,ELED,0,Varsity,AMIT,M Indoor Track,,JR,3.645,NO,ELED,0,Varsity,AMIT,M Indoor Track,NHS,AN,WH,,M,1/4/2005,23/FAL,NO,Returns,0,NO,YES,FR,23-24,SD,,ELED,11/1/2023,,,1,Out of State,0,1,0,,0,0,0,0,0,3.645,1
480568,,,,,,,,,,,,,,,,,,,,,,,,,,,,,,,,,,,,,,,,,,,,,,,,,,,,,,,,,,,,,,,,,,,,,,,,,,FR,0,NO,UND,0,Varsity,AMIT,M Indoor Track,,FR,2.923,NO,BUS,1,Varsity,AMIT,M Indoor Track,,,,,,,,,,,,,,,,,,,NHS,WH,,,M,3/31/2005,23/FAL,YES,Left,1,NO,NO,FR,23-24,KS,,BUS,11/1/2023,5/1/2024,0.5,1,Out of State,1,1,,,0,0,0,0,0,2.923,1
480622,,,,,,,,,,,,,,,,,,,,,,,,,,,,,,,,,,,,,,,,,,,,,,,,,,,,,,,,,,,,,,,,,,,,,,,,,,FR,0,NO,UND,0,Varsity,AFBA,Football,,FR,2.294,NO,UND,0,Varsity,AFBA,Football,,SO,2.634,NO,PEHTH,0,Varsity,AFBA,Football,,SO,2.788,NO,PEHTH,0,Varsity,AFBA,Football,NHS,BL,,,M,6/15/2004,23/FAL,NO,Returns,0,NO,YES,FR,23-24,OK,,PEHTH,8/1/2023,,,1,Out of State,0,1,,,0,1,0,0,1,2.788,1
480925,,,,,,,,,,,,,,,,,,,,,,,,,,,,,,,,,,,,,,,,,,,,,,,,,,,,,,,,,,,,,,,,,,,,,,,,,,FR,0,YES,UND,0,,,,,SO,3.778,YES,BIOCM,0,,,,,SO,3.879,NO,BIOCM,0,,,,,JR,3.917,NO,BIOCM,0,,,,NHS,WH,,,F,8/8/2005,23/FAL,NO,Returns,0,NO,YES,FR,23-24,KS,,BIOCM,,,,0,Out of State,0,1,0,,0,0,1,0,0,3.917,0
480939,,,,,,,,,,,,,,,,,,,,,,,,,,,,,,,,,,,,,,,,,,,,,,,,,,,,,,,,,,,,,,,,,,,,,,,,,,FR,0,NO,UND,1,,,,,,,,,,,,,,,,,,,,,,,,,,,,,,,NHS,NP,,,F,1/3/2005,23/FAL,YES,Left,1,NO,YES,FR,23-24,HI,,UND,,,,0,Out of State,1,1,,,0,1,1,0,0,0,0
480970,,,,,,,,,,,,,,,,,,,,,,,,,,,,,,,,,,,,,,,,,,,,,,,,,,,,,,,,,,,,,,,,,,,,,,,,,,FR,0,NO,UND,0,Member,ABSA,Baseball,,FR,3.86,NO,UND,0,Member,ABSA,Baseball,,SO,3.7,NO,BUS,0,Member,ABSA,Baseball,,SO,3.8,NO,BUS,0,Member,ABSA,Baseball,NHS,WH,,,M,7/30/2005,23/FAL,NO,Returns,0,NO,NO,FR,23-24,NE,,BUS,9/1/2023,,,1,In State,0,0,,,0,0,0,0,0,3.8,1
481009,,,,,,,,,,,,,,,,,,,,,,,,,,,,,,,,,,,,,,,,,,,,,,,,,,,,,,,,,,,,,,,,,,,,,,,,,,FR,0,YES,UND,0,,,,,FR,3.492,YES,THE,0,,,,,SO,3.452,YES,THE,0,,,,,SO,3,YES,THE,0,,,,NHS,WH,,,M,10/25/2004,23/FAL,NO,Returns,0,NO,YES,FR,23-24,CO,,THE,,,,0,Out of State,0,1,,,0,0,0,0,0,3,0
481058,,,,,,,,,,,,,,,,,,,,,,,,,,,,,,,,,,,,,,,,,,,,,,,,,,,,,,,,,,,,,,,,,,,,,,,,,,FR,0,NO,UND,0,Member,AMIT,M Indoor Track,,FR,3.813,NO,BIO,0,Member,AMIT,M Indoor Track,,SO,3.528,NO,BIO,0,Member,AMIT,M Indoor Track,,SO,3.604,NO,BIO,0,Member,AMIT,M Indoor Track,NHS,WH,,,M,12/12/2004,23/FAL,NO,Returns,0,NO,NO,FR,23-24,NE,,BIO,11/1/2023,,,1,In State,0,0,,,0,0,0,0,0,3.604,1
481524,,,,,,,,,,,,,,,,,,,,,,,,,,,,,,,,,,,,,,,,,,,,,,,,,,,,,,,,,,,,,,,,,,,,,,,,,,FR,0,YES,UND,0,,,,,FR,3.431,YES,UND,0,,,,,SO,3.441,YES,UND,0,,,,,SO,3.415,YES,PSY,0,,,,HIS,WH,,,F,12/6/2004,23/FAL,NO,Returns,0,NO,YES,FR,23-24,NE,,PSY,,,,0,In State,0,0,,,1,0,1,0,0,3.415,0
481526,,,,,,,,,,,,,,,,,,,,,,,,,,,,,,,,,,,,,,,,,,,,,,,,,,,,,,,,,,,,,,,,,,,,,,,,,,FR,0,YES,UND,0,,,,,FR,2.339,YES,UND,0,,,,,SO,2.421,YES,UND,0,,,,,SO,2.919,YES,UND,0,,,,NHS,WH,,,M,10/28/2004,23/FAL,NO,Returns,0,NO,NO,FR,23-24,NE,,UND,,,,0,In State,0,0,,,0,0,0,0,0,2.919,0
481654,,,,,,,,,,,,,,,,,,,,,,,,,,,,,,,,,,,,,,,,,,,,,,,,,,,,,,,,,,,,,,,,,,,,,,,,,,FR,0,YES,UND,0,,,,,FR,3.4,YES,THE,0,,,,,SO,3.309,YES,THE,0,,,,,SO,3.493,YES,THE,0,,,,NHS,WH,,,F,3/21/2005,23/FAL,NO,Returns,0,NO,NO,FR,23-24,CO,,THE,,,,0,Out of State,0,1,,,0,0,1,0,0,3.493,0
481759,,,,,,,,,,,,,,,,,,,,,,,,,,,,,,,,,,,,,,,,,,,,,,,,,,,,,,,,,,,,,,,,,,,,,,,,,,FR,0,NO,UND,0,Member,AFBA,Football,,FR,1.675,NO,SOC,1,Member,AFBA,Football,,,,,,,,,,,,,,,,,,,HIS,WH,,,M,10/4/2005,23/FAL,YES,Left,1,NO,NO,FR,23-24,CA,,SOC,8/1/2023,3/1/2024,0.58,1,Out of State,1,1,,,1,0,0,0,1,1.675,1
481762,,,,,,,,,,,,,,,,,,,,,,,,,,,,,,,,,,,,,,,,,,,,,,,,,,,,,,,,,,,,,,,,,,,,,,,,,,FR,0,YES,UND,0,,,,,FR,3.869,YES,UND,0,,,,,SO,3.671,YES,MUS,0,,,,,SO,3.658,YES,SOC,0,,,,NHS,WH,,,F,7/1/2005,23/FAL,NO,Returns,0,NO,YES,FR,23-24,NE,,SOC,,,,0,In State,0,0,,,0,0,1,0,0,3.658,0
481769,,,,,,,,,,,,,,,,,,,,,,,,,,,,,,,,,,,,,,,,,,,,,,,,,,,,,,,,,,,,,,,,,,,,,,,,,,FR,0,NO,UND,0,Member,AWTR,W Outdoor Track,,FR,0.8,NO,UND,0,Member,AWTR,W Outdoor Track,,FR,1.883,NO,ELED,0,Member,AWTR,W Outdoor Track,,SO,2.422,NO,ELED,0,Member,AWTR,W Outdoor Track,NR,,,,F,9/27/2004,23/FAL,NO,Returns,0,NO,YES,FR,23-24,NE,,ELED,10/1/2023,,,1,In State,0,0,,,0,1,1,0,0,2.422,1
481789,,,,,,,,,,,,,,,,,,,,,,,,,,,,,,,,,,,,,,,,,,,,,,,,,,,,,,,,,,,,,,,,,,,,,,,,,,FR,0,NO,UND,0,Member,ADAN,Dance,,FR,2.708,NO,BIO,0,Member,ADAN,Dance,,SO,2.511,NO,BIO,0,Member,ADAN,Dance,,SO,2.686,NO,BIO,0,Member,ADAN,Dance,NR,,,,F,5/18/2003,23/FAL,NO,Returns,0,NO,NO,FR,23-24,NE,,BIO,8/1/2023,,,1,In State,0,0,,,0,1,1,0,0,2.686,1
481822,,,,,,,,,,,,,,,,,,,,,,,,,,,,,,,,,,,,,,,,,,,,,,,,,,,,,,,,,,,,,,,,,,,,,,,,,,FR,0,NO,UND,0,Varsity,AWTR,W Outdoor Track,,SO,1.68,NO,AGR,1,Varsity,AWTR,W Outdoor Track,,,,,,,,,,,,,,,,,,,NHS,WH,,,F,6/27/2004,23/FAL,YES,Left,1,NO,YES,FR,23-24,NE,,AGR,10/1/2023,5/1/2024,0.58,1,In State,0,0,1,,0,0,1,0,0,1.68,1
481837,,,,,,,,,,,,,,,,,,,,,,,,,,,,,,,,,,,,,,,,,,,,,,,,,,,,,,,,,,,,,,,,,,,,,,,,,,FR,0,YES,UND,0,,,,,FR,2.628,YES,MUS,0,,,,,SO,2.317,YES,MUS,0,,,,,SO,2.551,YES,MUS,0,,,,NHS,WH,,,M,3/17/2005,23/FAL,NO,Returns,0,NO,NO,FR,23-24,NE,,MUS,,,,0,In State,0,0,,,0,0,0,0,0,2.551,0
481965,,,,,,,,,,,,,,,,,,,,,,,,,,,,,,,,,,,,,,,,,,,,,,,,,,,,,,,,,,,,,,,,,,,,,,,,,,FR,0,NO,UND,0,,,,,SO,4,NO,ELED,0,,,,,JR,4,NO,ELED,0,,,,,SR,4,NO,ELED,0,,,,NHS,WH,,,F,6/12/2003,23/FAL,NO,Returns,0,NO,YES,TR,,NE,,ELED,,,,0,In State,0,0,0,0,0,0,1,0,0,4,0
482130,,,,,,,,,,,,,,,,,,,,,,,,,,,,,,,,,,,,,,,,,,,,,,,,,,,,,,,,,,,,,,,,,,,,,,,,,,FR,0,YES,UND,0,,,,,FR,2.3,YES,MUS,0,,,,,FR,2.229,YES,MUS,0,,,,,SO,2.426,YES,MUS,0,,,,NHS,WH,,,F,6/30/2005,23/FAL,NO,Returns,0,NO,YES,FR,23-24,NE,,MUS,,,,0,In State,0,0,,,0,0,1,0,0,2.426,0
482280,,,,,,,,,,,,,,,,,,,,,,,,,,,,,,,,,,,,,,,,,,,,,,,,,,,,,,,,,,,,,,,,,,,,,,,,,,FR,0,NO,UND,0,Varsity,AVOL,Volleyball,,FR,1.88,NO,BIO,0,Varsity,AVOL,Volleyball,,SO,2.17,NO,BIO,0,Varsity,AVOL,Volleyball,,SO,2.164,NO,BIO,0,Varsity,AVOL,Volleyball,NR,,,,F,11/22/2004,23/FAL,NO,Returns,0,NO,NO,FR,23-24,NE,,BIO,8/1/2023,,,1,In State,0,0,,,0,1,1,0,0,2.164,1
482304,,,,,,,,,,,,,,,,,,,,,,,,,,,,,,,,,,,,,,,,,,,,,,,,,,,,,,,,,,,,,,,,,,,,,,,,,,FR,0,NO,UND,0,Varsity,ACHE,Cheerleading,,FR,3.18,NO,EXSCI,0,Varsity,ACHE,Cheerleading,,SO,3.503,NO,EXSCI,0,Varsity,ACHE,Cheerleading,,SO,3.38,NO,EXSCI,0,Varsity,ACHE,Cheerleading,NHS,WH,,,F,1/10/2005,23/FAL,NO,Returns,0,NO,NO,FR,23-24,NE,,EXSCI,8/1/2023,,,1,In State,0,0,,,0,0,1,0,0,3.38,1
482312,,,,,,,,,,,,,,,,,,,,,,,,,,,,,,,,,,,,,,,,,,,,,,,,,,,,,,,,,,,,,,,,,,,,,,,,,,FR,0,NO,UND,0,Member,AWRE,M Wrestling,,FR,3.06,NO,BUS,0,Member,AWRE,M Wrestling,,SO,3.118,NO,ACCPB,0,Member,AWRE,M Wrestling,,SO,3.285,NO,ACCPB,0,Member,AWRE,M Wrestling,NHS,WH,,,M,10/12/2004,23/FAL,NO,Returns,0,NO,NO,FR,23-24,NC,,ACCPB,10/1/2023,,,1,Out of State,0,1,,,0,0,0,0,0,3.285,1
482419,,,,,,,,,,,,,,,,,,,,,,,,,,,,,,,,,,,,,,,,,,,,,,,,,,,,,,,,,,,,,,,,,,,,,,,,,,FR,0,YES,UND,0,,,,,FR,3.629,YES,MUS,0,,,,,SO,2.967,YES,MUS,0,,,,,SO,2.91,YES,MUS,0,,,,NHS,WH,,,F,1/16/2005,23/FAL,NO,Returns,0,NO,NO,FR,23-24,NE,,MUS,,,,0,In State,0,0,,,0,0,1,0,0,2.91,0
482774,,,,,,,,,,,,,,,,,,,,,,,,,,,,,,,,,,,,,,,,,,,,,,,,,,,,,,,,,,,,,,,,,,,,,,,,,,FR,0,NO,UND,0,Member,ASOC,M Soccer,,SO,3.625,NO,EXSCI,0,Member,ASOC,M Soccer,,SO,3.394,NO,EXSCI,0,Member,ASOC,M Soccer,,JR,3.256,NO,EXSCI,0,Member,ASOC,M Soccer,,,,,M,9/18/2002,23/FAL,NO,Returns,0,NO,NO,TR,,NE,,EXSCI,8/1/2023,,,1,In State,0,0,0,,0,1,0,0,0,3.256,1
482874,,,,,,,,,,,,,,,,,,,,,,,,,,,,,,,,,,,,,,,,,,,,,,,,,,,,,,,,,,,,,,,,,,,,,,,,,,FR,0,NO,UND,0,Member,ABSA,Baseball,,SO,3.54,NO,BUS,0,Member,ABSA,Baseball,,SO,3.267,NO,BUS,0,Member,ABSA,Baseball,,JR,3.2,NO,BUS,0,Member,ABSA,Baseball,NHS,WH,,,M,9/19/2004,23/FAL,NO,Returns,0,NO,NO,FR,23-24,NE,,BUS,9/1/2023,,,1,In State,0,0,0,,0,0,0,0,0,3.2,1
482888,,,,,,,,,,,,,,,,,,,,,,,,,,,,,,,,,,,,,,,,,,,,,,,,,,,,,,,,,,,,,,,,,,,,,,,,,,FR,0,YES,UND,0,Member,AMXC,M Cross Country,,FR,3.96,YES,EXSCI,0,Member,AMXC,M Cross Country,,SO,3.7,YES,EXSCI,0,Member,AMXC,M Cross Country,,SO,3.441,YES,EXSCI,0,Member,AMXC,M Cross Country,NHS,WH,,,M,6/11/2005,23/FAL,NO,Returns,0,NO,NO,FR,23-24,KS,,EXSCI,8/1/2023,5/1/2024,0.75,1,Out of State,0,1,,,0,0,0,0,0,3.441,1
482923,,,,,,,,,,,,,,,,,,,,,,,,,,,,,,,,,,,,,,,,,,,,,,,,,,,,,,,,,,,,,,,,,,,,,,,,,,FR,0,NO,UND,0,Member,AWBB,W Basketball,,FR,3.02,NO,PSY,0,Member,AWBB,W Basketball,,FR,3.05,NO,PSY,0,Member,AWBB,W Basketball,,SO,2.645,NO,PSY,0,Member,AWBB,W Basketball,NHS,AN,,,F,4/3/2005,23/FAL,NO,Returns,0,NO,NO,FR,23-24,NV,,PSY,10/1/2023,12/15/2023,0.21,1,Out of State,0,1,,,0,1,1,0,0,2.645,1
483130,,,,,,,,,,,,,,,,,,,,,,,,,,,,,,,,,,,,,,,,,,,,,,,,,,,,,,,,,,,,,,,,,,,,,,,,,,FR,0,NO,UND,0,Varsity,ASGS,Shotgun Sports,,SO,3.94,NO,UND,0,Varsity,ASGS,Shotgun Sports,,SO,3.971,NO,UND,0,Varsity,ASGS,Shotgun Sports,,JR,3.981,NO,CMP,0,Varsity,ASGS,Shotgun Sports,NHS,WH,,,M,7/13/2004,23/FAL,NO,Returns,0,NO,NO,FR,23-24,NE,,CMP,9/1/2023,,,1,In State,0,0,0,,0,0,0,0,0,3.981,1
483177,,,,,,,,,,,,,,,,,,,,,,,,,,,,,,,,,,,,,,,,,,,,,,,,,,,,,,,,,,,,,,,,,,,,,,,,,,FR,0,NO,UND,0,Varsity,AGOF,WGolf,,FR,2.4,NO,UND,1,Varsity,AGOF,WGolf,,,,,,,,,,,,,,,,,,,NR,,,,F,1/14/2005,23/FAL,YES,Left,1,NO,NO,FR,23-24,CO,,UND,8/1/2023,5/1/2024,0.75,1,Out of State,1,1,,,0,1,1,0,0,2.4,1
483205,,,,,,,,,,,,,,,,,,,,,,,,,,,,,,,,,,,,,,,,,,,,,,,,,,,,,,,,,,,,,,,,,,,,,,,,,,FR,0,NO,UND,0,Varsity,AGOL,MGolf,,FR,3.68,NO,UND,0,Varsity,AGOL,MGolf,,SO,3.803,NO,MTHDA,0,Varsity,AGOL,MGolf,,SO,3.724,NO,MTHDA,0,Varsity,AGOL,MGolf,NHS,WH,,,M,1/12/2005,23/FAL,NO,Returns,0,NO,NO,FR,23-24,,,MTHDA,8/1/2023,,,1,Out of State,0,1,,,0,0,0,0,0,3.724,1
483903,,,,,,,,,,,,,,,,,,,,,,,,,,,,,,,,,,,,,,,,,,,,,,,,,,,,,,,,,,,,,,,,,,,,,,,,,,FR,0,NO,UND,0,Varsity,AGOL,MGolf,,FR,3.786,NO,BUS,0,Varsity,AGOL,MGolf,,SO,3.69,NO,BUS,0,Varsity,AGOL,MGolf,,SO,3.666,NO,BUS,0,Varsity,AGOL,MGolf,NHS,WH,,,M,4/13/2004,23/FAL,NO,Returns,0,NO,NO,FR,23-24,,,BUS,8/1/2023,,,1,Out of State,0,1,,,0,0,0,0,0,3.666,1
484110,,,,,,,,,,,,,,,,,,,,,,,,,,,,,,,,,,,,,,,,,,,,,,,,,,,,,,,,,,,,,,,,,,,,,,,,,,FR,0,NO,UND,0,Member,AFBA,Football,,SO,3.443,NO,EXSCI,0,Member,AFBA,Football,,SO,3.367,NO,EXSCI,0,Member,AFBA,Football,,JR,3.157,NO,EXSCI,0,Member,AFBA,Football,NR,,,,M,6/21/2003,23/FAL,NO,Returns,0,NO,NO,TR,,NE,,EXSCI,8/1/2023,,,1,In State,0,0,0,,0,1,0,0,1,3.157,1
484481,,,,,,,,,,,,,,,,,,,,,,,,,,,,,,,,,,,,,,,,,,,,,,,,,,,,,,,,,,,,,,,,,,,,,,,,,,FR,0,NO,UND,0,Varsity,AWRE,M Wrestling,,FR,3.314,NO,BUS,0,Varsity,AWRE,M Wrestling,,FR,3.346,NO,BUS,0,Varsity,AWRE,M Wrestling,,SO,3.315,NO,BUS,0,Varsity,AWRE,M Wrestling,NR,,,,M,7/13/2004,23/FAL,NO,Returns,0,NO,NO,FR,23-24,OH,,BUS,10/1/2023,,,1,Out of State,0,1,,,0,1,0,0,0,3.315,1
484482,,,,,,,,,,,,,,,,,,,,,,,,,,,,,,,,,,,,,,,,,,,,,,,,,,,,,,,,,,,,,,,,,,,,,,,,,,FR,0,NO,UND,0,Varsity,ATEN,M Tennis,,FR,3.944,NO,UND,0,Varsity,ATEN,M Tennis,,SO,3.829,NO,BUS,0,Varsity,ATEN,M Tennis,,SO,3.7,NO,BUS,0,Varsity,ATEN,M Tennis,,,,,M,10/26/2003,23/FAL,NO,Returns,0,NO,NO,FR,23-24,,,BUS,8/1/2023,,,1,Out of State,0,1,,,0,1,0,0,0,3.7,1
484625,,,,,,,,,,,,,,,,,,,,,,,,,,,,,,,,,,,,,,,,,,,,,,,,,,,,,,,,,,,,,,,,,,,,,,,,,,FR,0,NO,UND,0,Member,AESP,E-Sports,,FR,3.72,NO,GRD,0,Member,AESP,E-Sports,,SO,3.66,NO,GRD,0,Member,AESP,E-Sports,,SO,3.638,NO,GRD,0,Member,AESP,E-Sports,NHS,WH,,,M,4/13/2005,23/FAL,NO,Returns,0,NO,YES,FR,23-24,KS,,GRD,1/1/2024,,,1,Out of State,0,1,,,0,0,0,0,0,3.638,1
484650,,,,,,,,,,,,,,,,,,,,,,,,,,,,,,,,,,,,,,,,,,,,,,,,,,,,,,,,,,,,,,,,,,,,,,,,,,FR,0,NO,CMP,0,Member,ASOC,M Soccer,,SO,3.8,NO,CMP,1,Member,ASOC,M Soccer,,,,,,,,,,,,,,,,,,,,,,,M,9/11/2004,23/FAL,NO,Left,1,NO,NO,TR,,,,CMP,8/1/2023,6/1/2024,0.84,1,Out of State,0,1,,,0,1,0,0,0,3.8,1
484652,,,,,,,,,,,,,,,,,,,,,,,,,,,,,,,,,,,,,,,,,,,,,,,,,,,,,,,,,,,,,,,,,,,,,,,,,,FR,0,NO,UND,0,Member,AGOL,MGolf,,FR,2.2,NO,BUS,0,Member,AGOL,MGolf,,SO,2.196,NO,BUS,0,Member,AGOL,MGolf,,SO,2.408,NO,BUS,0,Member,AGOL,MGolf,NR,,,,M,3/18/2005,23/FAL,NO,Returns,0,NO,YES,FR,23-24,NE,,BUS,8/1/2023,,,1,In State,0,0,,,0,1,0,0,0,2.408,1
485443,,,,,,,,,,,,,,,,,,,,,,,,,,,,,,,,,,,,,,,,,,,,,,,,,,,,,,,,,,,,,,,,,,,,,,,,,,FR,0,NO,UND,0,Member,AWWR,W Wrestling,,SO,1.14,NO,SOC,1,Member,AWWR,W Wrestling,,,,,,,,,,,,,,,,,,,HIS,WH,,,F,11/24/2003,23/FAL,NO,Left,1,YES,NO,TR,,FL,,SOC,10/1/2023,5/1/2024,0.58,1,Out of State,0,1,,,1,0,1,1,0,1.14,1
485470,,,,,,,,,,,,,,,,,,,,,,,,,,,,,,,,,,,,,,,,,,,,,,,,,,,,,,,,,,,,,,,,,,,,,,,,,,FR,0,NO,UND,0,Varsity,ASOC,M Soccer,,SO,2.425,NO,PSY,0,Varsity,ASOC,M Soccer,,JR,2.663,NO,PSY,0,Varsity,ASOC,M Soccer,,JR,2.658,NO,PSY,0,Varsity,ASOC,M Soccer,,,,,M,5/26/2001,23/FAL,NO,Returns,0,NO,NO,TR,,,,PSY,8/1/2023,,,1,Out of State,0,1,0,,0,1,0,0,0,2.658,1
485577,,,,,,,,,,,,,,,,,,,,,,,,,,,,,,,,,,,,,,,,,,,,,,,,,,,,,,,,,,,,,,,,,,,,,,,,,,FR,0,NO,UND,0,Varsity,AWRE,M Wrestling,,SR,3.531,NO,SOC,0,Varsity,AWRE,M Wrestling,,SR,3.72,NO,SOC,0,Varsity,AWRE,M Wrestling,,SR,3.722,NO,SOC,1,Varsity,AWRE,M Wrestling,NHS,WH,,,M,2/26/2002,23/FAL,NO,Graduated,0,NO,YES,TR,,CO,YES,SOC,10/1/2023,,,1,Out of State,,1,,,0,0,0,0,0,3.722,1
485870,,,,,,,,,,,,,,,,,,,,,,,,,,,,,,,,,,,,,,,,,,,,,,,,,,,,,,,,,,,,,,,,,,,,,,,,,,FR,0,NO,UND,0,Varsity,AMIT,M Indoor Track,,FR,2.98,NO,UND,0,Varsity,AMIT,M Indoor Track,,SO,2.959,NO,AGR,0,Varsity,AMIT,M Indoor Track,,SO,2.087,NO,EXSCI,0,Varsity,AMIT,M Indoor Track,NHS,WH,,,M,3/28/2005,23/FAL,NO,Returns,0,NO,NO,FR,23-24,NE,,EXSCI,11/1/2023,,,1,In State,0,0,,,0,0,0,0,0,2.087,1
486521,,,,,,,,,,,,,,,,,,,,,,,,,,,,,,,,,,,,,,,,,,,,,,,,,,,,,,,,,,,,,,,,,,,,,,,,,,FR,0,NO,UND,1,Member,ABSA,Baseball,,,,,,,,,,,,,,,,,,,,,,,,,,,,NR,,,,M,11/5/2004,23/FAL,NO,Left,1,YES,NO,FR,23-24,NE,,UND,9/1/2023,12/15/2023,0.29,1,In State,1,0,,,0,1,0,1,0,0,1
486610,,,,,,,,,,,,,,,,,,,,,,,,,,,,,,,,,,,,,,,,,,,,,,,,,,,,,,,,,,,,,,,,,,,,,,,,,,FR,0,NO,UND,0,Varsity,ATEF,W Tennis,,FR,3.925,NO,EXSCI,0,Varsity,ATEF,W Tennis,,FR,3.7,NO,EXSCI,0,Varsity,ATEF,W Tennis,,SO,3.532,NO,EXSCI,0,Varsity,ATEF,W Tennis,,,,,F,4/13/2006,23/FAL,NO,Returns,0,NO,NO,FR,23-24,,,EXSCI,8/1/2023,,,1,Out of State,0,1,,,0,1,1,0,0,3.532,1
486657,,,,,,,,,,,,,,,,,,,,,,,,,,,,,,,,,,,,,,,,,,,,,,,,,,,,,,,,,,,,,,,,,,,,,,,,,,FR,0,NO,UND,0,Varsity,AMXC,M Cross Country,,SO,2.215,NO,CMP,0,Varsity,AMXC,M Cross Country,,SO,2.628,NO,CMP,0,Varsity,AMXC,M Cross Country,,JR,3.021,NO,CMP,0,Varsity,AMXC,M Cross Country,,,,,M,7/22/2001,23/FAL,NO,Returns,0,NO,NO,TR,,NC,,CMP,8/1/2023,,,1,Out of State,0,1,0,,0,1,0,0,0,3.021,1
487126,,,,,,,,,,,,,,,,,,,,,,,,,,,,,,,,,,,,,,,,,,,,,,,,,,,,,,,,,,,,,,,,,,,,,,,,,,FR,0,NO,UND,0,Varsity,ABSA,Baseball,,FR,4,NO,EGR,0,Varsity,ABSA,Baseball,,SO,4,NO,EGR,0,Varsity,ABSA,Baseball,,JR,4,NO,EGR,0,Varsity,ABSA,Baseball,,,,,M,7/4/2004,23/FAL,NO,Returns,0,NO,NO,FR,23-24,,,EGR,9/1/2023,,,1,Out of State,0,1,0,,0,1,0,0,0,4,1
487278,,,,,,,,,,,,,,,,,,,,,,,,,,,,,,,,,,,,,,,,,,,,,,,,,,,,,,,,,,,,,,,,,,,,,,,,,,FR,0,NO,UND,0,Member,ASOC,M Soccer,,SO,2.725,NO,BUS,1,Member,ASOC,M Soccer,,,,,,,,,,,,,,,,,,,NHS,AS,BL,,M,6/10/2003,23/FAL,NO,Left,1,NO,NO,TR,,AP,,BUS,8/1/2023,12/1/2023,0.33,1,Out of State,0,1,,,0,1,0,0,0,2.725,1
488275,,,,,,,,,,,,,,,,,,,,,,,,,,,,,,,,,,,,,,,,,,,,,,,,,,,,,,,,,,,,,,,,,,,,,,,,,,FR,0,NO,UND,0,Varsity,AGOF,WGolf,,SO,2.938,NO,BIO,0,Varsity,AGOF,WGolf,,JR,2.69,NO,BIO,0,Varsity,AGOF,WGolf,,JR,2.712,NO,BIO,0,Varsity,AGOF,WGolf,NR,,,,F,5/10/2004,23/FAL,NO,Returns,0,NO,NO,TR,,NE,,BIO,8/1/2023,,,1,In State,0,0,0,,0,1,1,0,0,2.712,1